x,y,v,kappa,s
-24.532,29.486,0.0,0.1411,0.0
-24.433,29.66,1.549,0.1411,0.2
-24.339,29.836,2.191,0.4895,0.4
-24.263,30.02,2.682,-0.143,0.599
-24.182,30.201,3.094,-0.8054,0.798
-24.073,30.369,3.46,0.6809,0.997
-23.987,30.549,3.791,0.1272,1.197
-23.906,30.732,4.095,0.0756,1.397
-23.827,30.916,4.378,-0.4072,1.597
-23.734,31.092,4.643,-0.3068,1.797
-23.631,31.263,4.516,0.4329,1.996
-23.542,31.442,4.556,-0.0822,2.196
-23.45,31.62,4.284,0.0188,2.396
-23.359,31.798,3.994,-0.3086,2.596
-23.258,31.97,3.682,-0.2383,2.796
-23.148,32.137,3.34,0.0553,2.996
-23.04,32.305,2.96,0.6987,3.196
-22.957,32.487,2.522,-1.388,3.396
-22.827,32.638,2.959,0.0962,3.595
-22.7,32.793,3.34,0.2829,3.795
-22.581,32.954,3.681,0.2666,3.995
-22.472,33.121,3.381,-0.0716,4.195
-22.36,33.287,3.005,-0.9777,4.395
-22.218,33.427,3.381,0.6166,4.595
-22.095,33.584,3.717,0.01,4.794
-21.972,33.74,3.744,-0.63,4.993
-21.83,33.881,4.052,0.0388,5.193
-21.689,34.023,4.15,0.0091,5.393
-21.548,34.165,3.85,-0.4803,5.593
-21.395,34.292,3.527,-0.3181,5.791
-21.235,34.41,3.17,0.8787,5.991
-21.096,34.554,2.837,-1.0973,6.191
-20.93,34.664,3.231,0.5504,6.39
-20.777,34.792,3.582,0.1257,6.589
-20.627,34.924,3.682,-0.4237,6.789
-20.467,35.043,3.34,-0.7912,6.989
-20.289,35.135,3.682,0.5388,7.189
-20.123,35.245,3.995,-0.3884,7.389
-19.948,35.343,4.284,-0.2427,7.588
-19.769,35.432,4.474,-0.0234,7.788
-19.59,35.52,4.198,0.0532,7.988
-19.411,35.609,3.901,0.1343,8.188
-19.235,35.704,3.58,-0.6887,8.388
-19.048,35.774,3.901,-0.1668,8.588
-18.858,35.837,4.197,0.0638,8.788
-18.669,35.903,3.955,0.1265,8.988
-18.482,35.973,3.639,0.0465,9.188
-18.295,36.045,3.293,-0.8141,9.388
-18.1,36.086,3.639,-0.423,9.588
-17.901,36.111,3.629,0.2989,9.787
-17.706,36.146,3.283,0.092,9.987
-17.511,36.186,2.897,-1.0517,10.185
-17.311,36.184,2.512,1.3987,10.385
-17.119,36.237,2.951,-0.9725,10.585
-16.921,36.252,3.33,-0.0504,10.783
-16.722,36.266,3.672,0.3937,10.982
-16.524,36.294,3.614,-0.2328,11.182
-16.325,36.314,3.266,-0.8279,11.382
-16.126,36.301,3.614,-0.4036,11.582
-15.928,36.271,3.416,0.2129,11.782
-15.73,36.25,3.046,0.4102,11.981
-15.531,36.246,2.625,-1.2815,12.18
-15.339,36.19,2.564,1.3427,12.38
-15.14,36.188,2.994,-0.7467,12.579
-14.945,36.157,3.367,-0.5678,12.777
-14.752,36.103,3.706,0.2794,12.977
-14.557,36.06,4.016,0.0392,13.177
-14.361,36.018,3.861,-0.5924,13.377
-14.172,35.954,3.978,0.1207,13.576
-13.981,35.895,3.664,-0.1829,13.776
-13.793,35.828,3.321,-0.2205,13.976
-13.608,35.753,2.937,0.246,14.176
-13.419,35.688,2.497,-1.4166,14.376
-13.256,35.572,2.662,1.2461,14.576
-13.071,35.5,3.077,-0.5342,14.774
-12.895,35.409,3.441,-0.4413,14.972
-12.726,35.303,3.774,0.2407,15.172
-12.552,35.204,4.079,-0.3875,15.372
-12.386,35.092,4.363,0.0366,15.572
-12.22,34.982,4.63,-0.1135,15.772
-12.056,34.867,4.798,-0.3825,15.972
-11.901,34.741,4.542,-0.428,16.171
-11.757,34.602,4.526,0.0862,16.371
-11.612,34.465,4.253,0.4881,16.571
-11.453,34.344,4.286,-0.3539,16.771
-11.304,34.211,3.997,-0.3399,16.97
-11.164,34.069,3.685,-0.0381,17.17
-11.025,33.925,3.344,-0.7897,17.37
-10.91,33.761,3.685,0.6126,17.57
-10.776,33.613,3.996,-0.0811,17.77
-10.645,33.463,4.286,-0.4682,17.969
-10.528,33.301,4.557,-0.2186,18.169
-10.419,33.133,4.813,0.0233,18.369
-10.308,32.967,4.942,0.1149,18.569
-10.194,32.802,4.693,-0.3342,18.769
-10.091,32.632,4.431,-0.2339,18.968
-9.997,32.456,4.152,0.4876,19.168
-9.885,32.29,3.852,-0.595,19.368
-9.794,32.112,4.152,-0.0655,19.568
-9.705,31.933,4.432,-0.0054,19.768
-9.617,31.753,4.257,-0.2639,19.968
-9.538,31.57,3.966,-0.2751,20.168
-9.469,31.382,3.652,0.6621,20.367
-9.376,31.205,3.967,-0.0619,20.567
-9.286,31.027,4.259,-0.43,20.767
-9.21,30.842,4.531,0.1352,20.967
-9.13,30.659,4.788,0.2139,21.167
-9.043,30.479,4.772,-0.0342,21.367
-8.956,30.299,4.514,0.0588,21.567
-8.867,30.12,4.239,-0.4913,21.767
-8.797,29.933,4.513,0.3628,21.967
-8.713,29.752,4.534,0.2158,22.166
-8.621,29.574,4.262,-0.1802,22.366
-8.536,29.394,3.971,-0.56,22.566
-8.471,29.204,3.669,0.6557,22.766
-8.382,29.025,3.983,-0.0032,22.966
-8.293,28.846,4.274,-0.4313,23.166
-8.22,28.66,4.545,0.0782,23.365
-8.145,28.476,4.397,0.4566,23.565
-8.052,28.298,4.169,-0.0324,23.765
-7.961,28.121,3.87,-0.5895,23.965
-7.891,27.933,4.169,0.388,24.165
-7.807,27.752,4.447,0.1294,24.364
-7.719,27.572,4.42,-0.2272,24.564
-7.638,27.39,4.14,-0.3411,24.764
-7.571,27.202,3.84,0.5989,24.964
-7.481,27.023,4.14,0.0212,25.164
-7.39,26.845,4.075,-0.5317,25.364
-7.319,26.658,4.359,0.2157,25.563
-7.241,26.475,4.625,0.3768,25.763
-7.148,26.298,4.383,-0.1213,25.963
-7.06,26.119,4.1,-0.0761,26.163
-6.974,25.938,3.796,0.6127,26.363
-6.867,25.769,3.606,0.6789,26.562
-6.739,25.617,3.72,0.638,26.762
-6.592,25.482,3.545,0.5407,26.961
-6.431,25.363,3.189,-0.5098,27.161
-6.283,25.229,2.787,1.1368,27.361
-6.109,25.132,3.186,0.6624,27.56
-5.924,25.058,3.379,-0.0068,27.759
-5.738,24.985,3.004,-0.1676,27.959
-5.557,24.905,2.577,1.3291,28.157
-5.359,24.876,3.007,-0.793,28.357
-5.168,24.815,3.382,0.1343,28.557
-4.976,24.76,3.72,0.6068,28.757
-4.78,24.729,3.839,0.3815,28.956
-4.581,24.713,3.513,-0.6297,29.155
-4.385,24.672,3.153,0.888,29.355
-4.185,24.666,3.513,0.3373,29.555
-3.985,24.673,3.839,0.0169,29.755
-3.786,24.681,4.062,0.2101,29.955
-3.587,24.698,3.756,0.6257,30.154
-3.391,24.739,4.063,0.4406,30.354
-3.2,24.798,4.266,-0.0458,30.554
-3.008,24.854,3.975,0.2513,30.754
-2.82,24.92,3.661,0.3513,30.954
-2.636,24.999,3.317,0.5965,31.154
-2.464,25.099,2.936,1.0241,31.353
-2.316,25.233,3.32,0.2311,31.553
-2.173,25.373,3.567,0.6939,31.753
-2.052,25.531,3.717,-0.1043,31.952
-1.927,25.686,3.381,-0.5011,32.151
-1.787,25.828,3.006,0.9768,32.35
-1.678,25.995,2.998,-0.9823,32.55
-1.538,26.138,3.374,0.4875,32.75
-1.413,26.292,3.71,0.3231,32.948
-1.298,26.455,4.02,-0.3671,33.148
-1.17,26.61,4.138,-0.1795,33.348
-1.038,26.759,3.837,0.5997,33.548
-0.924,26.924,3.832,-0.4807,33.748
-0.796,27.075,3.507,-0.2501,33.946
-0.661,27.221,3.148,0.8907,34.145
-0.552,27.389,2.78,-1.1425,34.345
-0.408,27.528,3.182,0.7362,34.545
-0.287,27.686,3.538,-0.1267,34.744
-0.162,27.841,3.483,-0.4108,34.943
-0.025,27.985,3.121,0.9065,35.143
0.085,28.153,2.996,-0.9834,35.343
0.225,28.295,3.372,0.5179,35.542
0.349,28.45,3.71,0.0423,35.741
0.472,28.607,3.453,-0.627,35.94
0.614,28.747,3.086,0.9268,36.14
0.728,28.912,3.453,0.0553,36.34
0.84,29.078,3.785,-0.0097,36.54
0.952,29.243,3.636,-0.0161,36.74
1.065,29.408,3.289,0.1194,36.94
1.173,29.576,2.903,1.0479,37.14
1.245,29.763,3.29,-0.3061,37.34
1.327,29.945,3.637,0.5414,37.54
1.39,30.134,3.672,0.1764,37.739
1.446,30.326,3.33,0.2196,37.939
1.493,30.519,2.95,1.0145,38.138
1.5,30.719,3.332,-0.768,38.338
1.538,30.915,3.674,-0.3262,38.538
1.589,31.108,3.467,0.5773,38.737
1.617,31.305,3.105,0.9156,38.936
1.608,31.504,2.987,0.9894,39.135
1.561,31.698,2.902,-1.0484,39.335
1.555,31.898,3.153,0.8883,39.534
1.515,32.092,3.51,-0.236,39.733
1.483,32.287,3.245,-0.6293,39.931
1.477,32.486,2.853,1.085,40.13
1.427,32.68,3.246,0.1288,40.33
1.372,32.872,3.597,0.023,40.53
1.317,33.064,3.916,0.4436,40.73
1.244,33.25,4.21,0.4407,40.929
1.156,33.43,4.468,-0.0379,41.129
1.069,33.61,4.191,0.0416,41.329
0.98,33.789,3.894,0.5821,41.529
0.872,33.956,4.191,-0.2938,41.729
0.773,34.13,4.403,0.0151,41.928
0.674,34.303,4.123,0.2522,42.128
0.566,34.471,3.821,-0.6048,42.328
0.479,34.652,3.711,0.6412,42.528
0.37,34.819,4.021,-0.4976,42.728
0.278,34.996,4.309,0.2131,42.927
0.179,35.169,4.578,0.3396,43.127
0.068,35.336,4.538,-0.1354,43.327
-0.038,35.505,4.266,-0.4776,43.527
-0.128,35.684,3.974,0.559,43.727
-0.237,35.851,4.265,-0.0959,43.926
-0.343,36.021,4.538,-0.1762,44.126
-0.443,36.194,4.68,0.0028,44.326
-0.543,36.367,4.417,0.3753,44.526
-0.655,36.532,4.136,-0.5161,44.726
-0.75,36.708,4.416,0.1842,44.926
-0.852,36.88,4.645,0.2076,45.126
-0.96,37.048,4.379,-0.0654,45.326
-1.067,37.217,4.097,-0.5261,45.525
-1.155,37.397,3.797,0.6124,45.725
-1.264,37.564,4.101,0.061,45.925
-1.375,37.73,4.384,-0.4403,46.125
-1.471,37.905,4.527,-0.0421,46.325
-1.566,38.081,4.255,0.4877,46.524
-1.677,38.247,4.233,-0.0721,46.724
-1.786,38.414,3.939,-0.569,46.924
-1.876,38.593,4.233,0.4366,47.124
-1.98,38.763,4.507,-0.0661,47.324
-2.082,38.935,4.551,-0.1886,47.523
-2.178,39.11,4.279,0.4805,47.723
-2.29,39.276,3.989,-0.5549,47.923
-2.383,39.453,4.279,0.268,48.123
-2.486,39.624,4.551,0.2013,48.323
-2.595,39.792,4.507,-0.1491,48.523
-2.699,39.962,4.233,-0.4225,48.722
-2.788,40.141,3.94,0.5688,48.922
-2.898,40.308,4.169,-0.5079,49.122
-2.989,40.486,4.448,0.3338,49.322
-3.092,40.657,4.709,0.1404,49.522
-3.201,40.825,4.958,-0.1431,49.722
-3.304,40.996,5.194,-0.2964,49.922
-3.397,41.173,5.308,0.1643,50.122
-3.495,41.347,5.077,0.0849,50.322
-3.597,41.52,4.835,-0.1879,50.522
-3.692,41.695,4.58,0.0452,50.721
-3.789,41.87,4.31,0.3922,50.921
-3.899,42.037,4.022,0.0544,51.121
-4.011,42.203,3.712,-0.6408,51.321
-4.1,42.381,4.022,0.2912,51.521
-4.2,42.554,4.31,-0.0176,51.721
-4.3,42.728,4.345,-0.1,51.92
-4.395,42.903,4.06,0.4766,52.12
-4.508,43.069,3.752,-0.627,52.32
-4.598,43.247,4.06,0.4922,52.52
-4.706,43.415,4.345,-0.2343,52.72
-4.805,43.588,4.561,-0.1247,52.919
-4.9,43.764,4.29,0.2785,53.119
-5.005,43.934,4.001,-0.5295,53.319
-5.092,44.114,3.689,0.6487,53.519
-5.201,44.282,4.001,-0.3736,53.719
-5.297,44.457,4.29,0.0962,53.918
-5.396,44.63,4.56,0.3079,54.118
-5.506,44.797,4.816,-0.2837,54.318
-5.606,44.97,4.996,-0.0228,54.518
-5.706,45.143,4.75,-0.1796,54.718
-5.799,45.32,4.49,0.2208,54.918
-5.9,45.493,4.215,0.2541,55.118
-6.01,45.66,3.92,0.0118,55.318
-6.12,45.827,3.601,-0.681,55.517
-6.206,46.007,3.92,0.5495,55.717
-6.311,46.177,4.215,-0.3084,55.917
-6.406,46.353,4.49,0.1246,56.117
-6.505,46.526,4.749,0.3373,56.316
-6.616,46.692,4.995,-0.2179,56.516
-6.719,46.863,4.994,-0.2346,56.716
-6.815,47.039,4.748,0.3874,56.916
-6.923,47.207,4.488,-0.2371,57.116
-7.023,47.38,4.213,-0.0963,57.316
-7.12,47.554,3.918,0.368,57.515
-7.23,47.721,3.599,-0.6815,57.715
-7.316,47.902,3.822,0.6043,57.915
-7.423,48.07,4.124,0.1122,58.115
-7.534,48.237,4.329,-0.3025,58.315
-7.634,48.409,4.043,-0.2932,58.514
-7.724,48.587,3.735,0.6329,58.714
-7.836,48.753,4.043,-0.1109,58.914
-7.945,48.921,4.33,-0.4271,59.114
-8.039,49.097,4.598,0.2202,59.314
-8.14,49.269,4.852,0.2509,59.513
-8.25,49.436,5.056,-0.2188,59.713
-8.352,49.608,4.813,-0.197,59.913
-8.448,49.784,4.557,0.4252,60.113
-8.558,49.951,4.782,-0.2363,60.313
-8.66,50.122,4.524,-0.1065,60.513
-8.758,50.296,4.251,0.183,60.713
-8.863,50.467,3.959,0.2337,60.913
-8.976,50.632,3.643,-0.6653,61.113
-9.066,50.81,3.958,0.3802,61.313
-9.169,50.982,4.25,0.2133,61.512
-9.279,51.148,4.107,-0.1528,61.712
-9.384,51.318,3.804,-0.5443,61.912
-9.47,51.499,3.474,0.7314,62.112
-9.581,51.665,3.804,-0.0392,62.312
-9.691,51.832,4.107,-0.41,62.512
-9.787,52.007,4.389,-0.0016,62.711
-9.883,52.181,4.296,0.3761,62.911
-9.992,52.349,4.008,-0.5497,63.111
-10.082,52.528,3.816,0.6062,63.311
-10.193,52.694,4.119,-0.3086,63.51
-10.293,52.867,4.4,-0.0383,63.71
-10.392,53.041,4.162,0.1991,63.91
-10.498,53.21,3.863,0.1899,64.11
-10.61,53.376,3.539,-0.7049,64.31
-10.698,53.555,3.863,0.4824,64.51
-10.803,53.726,4.162,0.1739,64.71
-10.913,53.892,4.274,-0.2281,64.91
-11.016,54.063,3.984,-0.4244,65.109
-11.104,54.242,3.671,0.655,65.309
-11.214,54.409,3.834,-0.6007,65.509
-11.304,54.588,4.135,0.4319,65.709
-11.409,54.757,4.415,0.0869,65.908
-11.517,54.926,4.679,-0.2115,66.108
-11.618,55.098,4.618,-0.1269,66.308
-11.714,55.274,4.35,0.4665,66.508
-11.826,55.439,4.193,-0.5022,66.708
-11.921,55.615,4.47,0.2147,66.908
-12.024,55.786,4.371,0.0254,67.108
-12.127,55.957,4.088,-0.4318,67.307
-12.215,56.136,3.784,0.6167,67.507
-12.325,56.303,3.872,-0.5889,67.707
-12.414,56.482,4.17,0.4367,67.907
-12.518,56.652,4.448,0.1462,68.106
-12.628,56.82,4.71,-0.1894,68.306
-12.731,56.991,4.958,-0.2324,68.506
-12.826,57.167,5.195,0.0302,68.706
-12.922,57.342,5.173,0.1848,68.906
-13.024,57.514,4.936,-0.2057,69.106
-13.119,57.69,4.687,0.0227,69.306
-13.215,57.865,4.424,0.4322,69.505
-13.326,58.031,4.144,0.0092,69.705
-13.437,58.198,3.843,-0.5977,69.905
-13.528,58.376,4.144,0.2474,70.105
-13.627,58.549,4.423,0.0399,70.305
-13.728,58.722,4.687,-0.1526,70.505
-13.823,58.898,4.936,0.018,70.705
-13.919,59.073,5.045,0.2421,70.905
-14.023,59.244,4.802,-0.3674,71.105
-14.115,59.421,4.545,0.265,71.305
-14.215,59.594,4.274,0.0436,71.504
-14.318,59.765,3.983,-0.346,71.704
-14.408,59.944,3.67,0.6554,71.904
-14.52,60.109,3.984,-0.2088,72.104
-14.626,60.278,4.274,-0.2108,72.304
-14.725,60.452,4.546,-0.0867,72.504
-14.82,60.628,4.803,0.0662,72.704
-14.918,60.803,4.609,0.1879,72.904
-15.022,60.973,4.34,-0.4686,73.104
-15.11,61.153,4.148,0.5132,73.304
-15.216,61.322,4.427,-0.2542,73.503
-15.313,61.497,4.537,-0.0311,73.703
-15.408,61.672,4.265,0.3951,73.902
-15.518,61.839,3.973,-0.5592,74.102
-15.608,62.018,3.903,0.5794,74.302
-15.718,62.184,4.199,-0.3908,74.502
-15.815,62.359,4.476,0.0857,74.702
-15.914,62.532,4.258,0.188,74.901
-16.02,62.701,3.966,-0.5613,75.101
-16.107,62.881,3.731,0.6343,75.301
-16.216,63.049,4.04,-0.4361,75.501
-16.309,63.226,4.326,0.0545,75.701
-16.405,63.401,4.595,0.118,75.901
-16.505,63.575,4.487,0.0303,76.101
-16.605,63.747,4.211,0.3344,76.301
-16.717,63.913,3.915,-0.5759,76.501
-16.81,64.09,4.211,0.3692,76.7
-16.915,64.26,4.486,-0.1503,76.9
-17.014,64.433,4.259,-0.2521,77.099
-17.105,64.611,3.968,0.5407,77.299
-17.215,64.778,3.653,-0.6615,77.499
-17.302,64.958,3.842,0.5982,77.699
-17.409,65.126,4.142,0.0109,77.899
-17.517,65.294,4.422,-0.2102,78.099
-17.618,65.467,4.557,-0.1305,78.299
-17.715,65.642,4.285,0.4808,78.498
-17.827,65.807,4.557,-0.4023,78.698
-17.926,65.981,4.813,0.0394,78.898
-18.027,66.154,4.924,-0.1144,79.098
-18.123,66.329,4.674,-0.0617,79.298
-18.217,66.505,4.41,0.4484,79.498
-18.327,66.672,4.129,0.0606,79.698
-18.439,66.838,3.828,-0.6026,79.898
-18.53,67.016,4.129,0.2493,80.098
-18.629,67.189,4.409,0.1453,80.297
-18.734,67.359,4.487,-0.3868,80.497
-18.825,67.537,4.211,0.192,80.697
-18.923,67.711,3.916,0.102,80.897
-19.024,67.884,3.597,0.2036,81.097
-19.133,68.052,3.246,0.0705,81.297
-19.244,68.218,2.853,0.1862,81.496
-19.36,68.38,2.397,0.832,81.696
-19.502,68.52,1.829,2.6386,81.896
-19.696,68.569,2.397,-0.2341,82.096
-19.888,68.627,2.854,0.1143,82.296
-20.08,68.68,3.247,0.5752,82.496
-20.276,68.711,2.936,1.024,82.694
-20.476,68.701,3.32,0.3758,82.894
-20.674,68.676,3.663,0.3706,83.094
-20.871,68.637,3.434,0.7485,83.294
-21.058,68.569,3.443,0.1805,83.493
-21.244,68.494,3.075,0.8551,83.693
-21.41,68.391,2.665,1.2429,83.889
-21.549,68.248,3.083,-0.0954,84.089
-21.692,68.107,3.45,0.0464,84.289
-21.832,67.965,3.782,0.4458,84.489
-21.959,67.811,4.086,0.4118,84.688
-22.074,67.647,4.369,-0.2317,84.888
-22.196,67.489,4.636,-0.3897,85.088
-22.33,67.34,4.683,0.4026,85.288
-22.451,67.182,4.932,0.251,85.488
-22.564,67.017,5.17,0.0738,85.688
-22.675,66.851,5.096,-0.0566,85.888
-22.788,66.685,4.855,0.0522,86.088
-22.899,66.519,4.601,-0.1035,86.288
-23.014,66.355,4.332,-0.4704,86.488
-23.143,66.203,4.6,-0.3932,86.687
-23.284,66.061,4.854,0.0479,86.887
-23.423,65.918,4.691,-0.0774,87.087
-23.565,65.777,4.427,-0.4504,87.287
-23.719,65.65,4.435,-0.4489,87.487
-23.883,65.537,4.335,-0.3131,87.687
-24.055,65.434,4.049,-0.3254,87.886
-24.233,65.342,3.741,-0.4612,88.086
-24.418,65.267,3.405,-0.7613,88.286
-24.612,65.222,3.74,0.0147,88.486
-24.806,65.176,3.757,0.2589,88.685
-24.998,65.119,3.423,-0.3577,88.885
-25.193,65.077,3.052,-0.9477,89.085
-25.393,65.072,3.423,0.5961,89.285
-25.591,65.044,3.578,-0.6898,89.484
-25.787,65.042,3.266,-0.6474,89.681
-25.985,65.066,2.877,0.602,89.88
-26.185,65.067,2.424,-1.5023,90.08
-26.376,65.126,2.741,1.1754,90.28
-26.574,65.14,3.146,-0.2549,90.479
-26.771,65.163,3.462,-0.7365,90.677
-26.964,65.216,3.792,-0.5193,90.877
-27.15,65.288,4.097,0.2165,91.077
-27.34,65.352,4.082,-0.5299,91.277
-27.521,65.436,4.171,-0.5074,91.477
-27.693,65.537,3.998,-0.5525,91.676
-27.853,65.657,4.269,-0.3958,91.876
-28.003,65.789,3.978,0.4499,92.076
-28.164,65.907,3.664,-0.6575,92.276
-28.308,66.045,3.978,-0.1111,92.475
-28.449,66.187,4.269,-0.0155,92.675
-28.59,66.329,4.541,0.0093,92.875
-28.731,66.471,4.322,-0.0115,93.075
-28.872,66.613,4.034,-0.5425,93.275
-28.996,66.769,4.321,-0.3462,93.475
-29.11,66.933,4.59,-0.1028,93.675
-29.22,67.1,4.844,-0.1278,93.875
-29.326,67.27,4.797,0.1832,94.075
-29.438,67.436,4.54,-0.0293,94.275
-29.549,67.602,4.268,-0.2853,94.475
-29.65,67.774,3.977,-0.4391,94.675
-29.735,67.955,3.663,-0.3573,94.874
-29.808,68.141,3.32,0.801,95.074
-29.909,68.313,3.219,-0.8523,95.274
-29.98,68.5,3.571,0.3755,95.474
-30.064,68.68,3.892,-0.092,95.673
-30.145,68.862,3.761,-0.624,95.872
-30.203,69.054,4.068,-0.0784,96.072
-30.258,69.246,4.353,0.0763,96.272
-30.316,69.438,4.62,-0.2517,96.472
-30.364,69.632,4.781,0.1384,96.672
-30.417,69.824,4.523,-0.0154,96.872
-30.47,70.017,4.25,-0.4889,97.071
-30.504,70.214,4.055,-0.537,97.271
-30.516,70.413,3.94,0.322,97.471
-30.542,70.612,3.623,-0.0006,97.671
-30.567,70.81,3.275,-0.2405,97.871
-30.583,71.009,2.887,-0.4194,98.071
-30.582,71.209,2.436,1.4883,98.271
-30.639,71.4,2.731,-1.184,98.471
-30.651,71.598,3.136,-0.3401,98.669
-30.649,71.798,3.498,-0.1083,98.869
-30.642,71.998,3.345,-0.7892,99.068
-30.604,72.194,3.686,0.5733,99.268
-30.589,72.393,3.64,0.2957,99.468
-30.586,72.593,3.294,-0.3571,99.668
-30.569,72.79,2.911,-0.9233,99.866
-30.516,72.982,2.467,1.4504,100.065
-30.52,73.182,2.645,-1.2618,100.265
-30.474,73.375,3.062,0.0483,100.463
-30.43,73.57,3.415,0.2775,100.663
-30.397,73.767,3.043,-0.1774,100.863
-30.357,73.962,2.621,-1.2851,101.062
-30.268,74.141,3.045,0.8976,101.262
-30.213,74.333,3.415,0.0368,101.462
-30.159,74.526,3.75,-0.3291,101.662
-30.092,74.714,3.585,-0.571,101.861
-30.005,74.893,3.234,-0.7145,102.061
-29.893,75.059,2.839,1.0954,102.261
-29.82,75.245,3.234,-0.579,102.461
-29.725,75.421,3.585,-0.3488,102.66
-29.619,75.59,3.906,-0.124,102.86
-29.508,75.757,4.012,-0.0277,103.06
-29.397,75.922,3.701,-0.6445,103.26
-29.265,76.073,3.848,0.5963,103.46
-29.152,76.237,3.853,-0.5821,103.66
-29.021,76.387,3.531,-0.1772,103.858
-28.885,76.532,3.175,0.876,104.057
-28.776,76.7,2.941,-1.0205,104.257
-28.635,76.841,3.324,-0.0381,104.457
-28.493,76.982,3.668,0.0102,104.657
-28.351,77.123,3.981,0.0011,104.857
-28.21,77.264,4.272,-0.2933,105.057
-28.06,77.397,4.544,-0.2706,105.257
-27.903,77.521,4.801,0.1798,105.457
-27.751,77.651,4.914,0.0772,105.657
-27.601,77.783,4.664,-0.2698,105.857
-27.444,77.907,4.399,-0.4479,106.057
-27.277,78.016,4.117,0.044,106.257
-27.11,78.127,3.814,-0.3781,106.457
-26.936,78.224,3.486,-0.041,106.656
-26.761,78.321,3.124,0.3393,106.856
-26.594,78.428,2.715,-1.198,107.055
-26.404,78.493,2.764,1.1554,107.255
-26.236,78.6,3.168,-0.5126,107.454
-26.057,78.688,3.525,-0.2179,107.653
-25.874,78.769,3.85,-0.0091,107.853
-25.692,78.85,4.15,-0.3827,108.053
-25.503,78.916,4.43,-0.1412,108.253
-25.313,78.977,4.693,-0.1287,108.453
-25.121,79.033,4.942,-0.0827,108.653
-24.928,79.086,4.935,0.0362,108.853
-24.735,79.141,4.685,0.0498,109.053
-24.543,79.197,4.422,-0.3186,109.253
-24.348,79.241,4.142,-0.083,109.453
-24.152,79.281,3.841,-0.4146,109.653
-23.954,79.306,3.515,0.2588,109.853
-23.758,79.34,3.157,0.1979,110.052
-23.564,79.382,2.754,-1.1638,110.25
-23.364,79.378,2.509,1.4023,110.45
-23.172,79.429,2.947,-0.8871,110.65
-22.974,79.446,3.255,-0.4729,110.848
-22.774,79.444,2.862,0.0775,111.048
-22.575,79.446,2.408,1.5222,111.247
-22.385,79.507,2.466,-1.452,111.447
-22.186,79.511,2.909,-0.1387,111.646
-21.986,79.51,3.144,-0.2094,111.845
-21.788,79.5,2.74,-1.1763,112.044
-21.596,79.444,2.483,1.4323,112.244
-21.396,79.445,2.926,-0.0077,112.444
-21.196,79.446,3.311,-0.4039,112.644
-20.998,79.43,3.654,-0.5584,112.843
-20.802,79.393,3.588,0.6858,113.043
-20.602,79.382,3.908,-0.4816,113.243
-20.404,79.353,4.204,0.1415,113.442
-20.206,79.329,4.181,-0.1679,113.642
-20.009,79.298,3.884,-0.5852,113.842
-19.816,79.245,3.705,-0.1308,114.042
-19.625,79.186,3.366,0.7794,114.242
-19.427,79.158,3.705,-0.1171,114.441
-19.23,79.125,3.481,-0.7287,114.641
-19.041,79.065,3.693,-0.6474,114.839
-18.861,78.981,3.381,0.7726,115.038
-18.669,78.925,3.719,-0.0381,115.238
-18.477,78.867,4.028,-0.1367,115.438
-18.287,78.804,4.316,-0.4536,115.638
-18.104,78.725,4.266,-0.0942,115.838
-17.923,78.642,3.975,0.2986,116.038
-17.736,78.57,3.661,-0.6586,116.237
-17.561,78.474,3.976,0.2016,116.437
-17.382,78.386,4.027,-0.4538,116.637
-17.211,78.281,3.718,-0.1785,116.837
-17.045,78.171,3.379,0.1983,117.037
-16.874,78.067,3.004,0.516,117.237
-16.694,77.981,2.575,-1.3319,117.436
-16.542,77.851,3.005,0.0662,117.636
-16.389,77.722,3.381,0.3288,117.836
-16.228,77.605,3.568,-0.0037,118.036
-16.067,77.487,3.216,-0.8538,118.235
-15.928,77.343,2.982,0.9928,118.435
-15.764,77.23,3.36,-0.6221,118.635
-15.615,77.097,3.699,-0.1238,118.834
-15.469,76.96,4.01,0.2273,119.034
-15.317,76.83,4.299,0.1458,119.234
-15.162,76.705,4.264,-0.4857,119.434
-15.019,76.565,4.536,-0.0565,119.634
-14.878,76.424,4.793,0.0098,119.834
-14.736,76.282,4.75,-0.0005,120.034
-14.595,76.141,4.49,-0.0058,120.234
-14.453,75.999,4.214,0.015,120.434
-14.311,75.858,3.919,-0.3385,120.634
-14.18,75.709,3.602,-0.6807,120.833
-14.07,75.542,3.92,0.4151,121.033
-13.946,75.385,4.215,0.2663,121.233
-13.814,75.235,4.491,-0.3582,121.432
-13.694,75.076,4.75,-0.2449,121.632
-13.581,74.911,4.996,0.1527,121.832
-13.463,74.749,5.231,-0.2306,122.032
-13.352,74.582,5.455,0.0558,122.232
-13.24,74.417,5.671,0.0129,122.432
-13.127,74.252,5.879,0.0054,122.632
-13.015,74.087,6.08,-0.001,122.832
-12.902,73.921,6.274,-0.0448,123.032
-12.79,73.755,6.462,-0.1204,123.232
-12.683,73.586,6.577,0.0992,123.432
-12.573,73.42,6.392,0.013,123.632
-12.461,73.254,6.201,-0.0555,123.832
-12.352,73.086,6.005,-0.0168,124.032
-12.244,72.918,5.801,-0.0002,124.232
-12.135,72.75,5.591,0.0545,124.432
-12.025,72.583,5.372,-0.1604,124.632
-11.92,72.413,5.144,-0.0543,124.832
-11.816,72.242,4.905,0.2616,125.032
-11.704,72.076,4.654,-0.0067,125.232
-11.593,71.911,4.388,-0.4585,125.432
-11.497,71.735,4.653,0.2184,125.631
-11.393,71.565,4.904,0.1847,125.831
-11.283,71.397,5.143,-0.004,126.031
-11.173,71.23,5.257,0.0725,126.231
-11.061,71.065,5.023,-0.1692,126.431
-10.954,70.896,4.779,0.1049,126.631
-10.844,70.729,4.521,0.0458,126.831
-10.733,70.563,4.247,-0.1673,127.031
-10.627,70.393,3.955,-0.5435,127.231
-10.54,70.213,3.639,0.6668,127.431
-10.43,70.046,3.955,0.0097,127.631
-10.319,69.88,4.247,0.029,127.831
-10.208,69.714,4.521,0.003,128.031
-10.096,69.548,4.779,-0.0382,128.231
-9.986,69.381,4.864,0.0359,128.431
-9.875,69.215,4.61,-0.0179,128.631
-9.764,69.048,4.342,-0.4683,128.831
-9.669,68.873,4.61,0.0122,129.03
-9.574,68.697,4.395,0.457,129.23
-9.463,68.531,4.66,0.0237,129.43
-9.351,68.365,4.911,0.0041,129.63
-9.24,68.199,5.15,-0.0787,129.83
-9.13,68.032,5.378,0.0274,130.03
-9.02,67.865,5.17,0.0502,130.23
-8.909,67.699,4.933,-0.0575,130.43
-8.799,67.532,4.683,0.0055,130.63
-8.689,67.365,4.42,-0.452,130.83
-8.594,67.189,4.683,0.2221,131.029
-8.492,67.017,4.932,0.2811,131.229
-8.38,66.851,5.17,-0.017,131.429
-8.269,66.685,5.397,-0.2569,131.629
-8.167,66.513,5.615,0.2348,131.829
-8.056,66.347,5.825,-0.0213,132.029
-7.946,66.179,6.011,-0.0332,132.229
-7.838,66.011,5.808,0.0135,132.429
-7.729,65.844,5.597,0.069,132.629
-7.617,65.678,5.379,-0.2843,132.829
-7.516,65.506,5.151,0.2114,133.029
-7.407,65.338,4.912,0.0841,133.229
-7.295,65.172,4.662,-0.1529,133.429
-7.188,65.003,4.397,-0.4179,133.629
-7.096,64.826,4.115,0.5213,133.829
-6.986,64.659,4.397,-0.018,134.029
-6.877,64.491,4.662,0.0097,134.229
-6.767,64.324,4.913,0.0329,134.429
-6.656,64.158,5.151,0.033,134.629
-6.544,63.992,5.14,-0.082,134.829
-6.434,63.825,4.901,0.0622,135.029
-6.323,63.659,4.65,0.003,135.228
-6.212,63.493,4.384,-0.0133,135.428
-6.1,63.326,4.102,-0.1473,135.628
-5.995,63.157,3.798,-0.612,135.828
-5.91,62.976,3.474,0.7315,136.028
-5.8,62.809,3.804,0.0454,136.228
-5.688,62.643,4.107,0.0083,136.428
-5.576,62.477,4.39,-0.0399,136.628
-5.466,62.311,4.655,-0.1063,136.828
-5.359,62.142,4.906,0.16,137.028
-5.246,61.976,5.145,-0.071,137.228
-5.136,61.809,4.948,-0.0054,137.428
-5.026,61.642,4.699,-0.173,137.628
-4.922,61.471,4.437,-0.2802,137.828
-4.828,61.295,4.158,0.5107,138.028
-4.716,61.129,4.437,0.0233,138.228
-4.604,60.964,4.7,-0.0097,138.428
-4.492,60.798,4.948,-0.196,138.628
-4.386,60.629,5.185,-0.1764,138.827
-4.287,60.456,5.205,0.3259,139.027
-4.176,60.289,5.43,-0.0572,139.227
-4.067,60.121,5.647,0.0078,139.427
-3.958,59.953,5.757,0.0512,139.627
-3.847,59.787,5.545,-0.0058,139.827
-3.737,59.62,5.324,-0.1265,140.027
-3.63,59.451,5.094,0.1691,140.227
-3.518,59.285,4.853,-0.0165,140.427
-3.407,59.119,4.599,-0.4175,140.627
-3.31,58.945,4.796,-0.047,140.827
-3.215,58.769,4.54,0.4284,141.026
-3.105,58.603,4.797,0.0109,141.226
-2.994,58.436,4.914,0.0427,141.426
-2.882,58.27,4.664,-0.0353,141.626
-2.771,58.104,4.399,-0.0107,141.826
-2.661,57.937,4.117,-0.1417,142.026
-2.555,57.768,3.815,-0.591,142.226
-2.47,57.586,3.486,0.7265,142.426
-2.36,57.42,3.815,0.019,142.626
-2.249,57.253,4.117,0.0089,142.826
-2.138,57.087,4.399,0.0046,143.026
-2.026,56.921,4.664,0.0016,143.226
-1.915,56.755,4.915,-0.0112,143.426
-1.804,56.589,4.737,-0.0144,143.626
-1.693,56.422,4.477,-0.4406,143.826
-1.598,56.247,4.673,-0.0093,144.026
-1.503,56.071,4.409,0.4541,144.225
-1.392,55.905,4.673,-0.0185,144.425
-1.282,55.738,4.924,0.057,144.625
-1.17,55.572,4.767,-0.0294,144.825
-1.059,55.406,4.508,-0.3485,145.025
-0.96,55.232,4.235,-0.22,145.224
-0.869,55.055,3.942,0.5683,145.424
-0.758,54.889,4.235,0.0216,145.624
-0.646,54.723,4.51,-0.0788,145.824
-0.537,54.555,4.608,0.0449,146.024
-0.426,54.389,4.34,0.0356,146.224
-0.314,54.223,4.054,-0.0994,146.424
-0.206,54.055,3.746,-0.629,146.624
-0.119,53.875,3.802,0.6109,146.824
-0.012,53.706,4.105,0.0459,147.024
0.098,53.539,4.388,0.0208,147.224
0.208,53.372,4.305,0.0604,147.424
0.32,53.206,4.016,-0.055,147.624
0.43,53.04,3.705,-0.6431,147.824
0.518,52.86,4.016,0.4762,148.024
0.623,52.69,4.304,0.207,148.223
0.734,52.524,4.574,-0.0329,148.423
0.845,52.357,4.829,-0.12,148.623
0.951,52.188,5.072,0.1744,148.823
1.064,52.023,5.173,-0.047,149.023
1.174,51.856,4.935,-0.3625,149.223
1.273,51.682,4.928,-0.0458,149.423
1.369,51.508,4.678,0.4034,149.622
1.48,51.341,4.928,-0.1235,149.822
1.586,51.172,5.166,0.1546,150.022
1.698,51.006,5.074,-0.0358,150.222
1.809,50.839,4.832,-0.0194,150.422
1.918,50.672,4.576,-0.0885,150.622
2.025,50.503,4.306,-0.4271,150.822
2.117,50.325,4.018,0.5468,151.022
2.228,50.159,4.306,-0.1548,151.222
2.334,49.989,4.577,0.069,151.422
2.441,49.821,4.832,0.0909,151.622
2.552,49.655,5.074,-0.0603,151.822
2.662,49.487,5.2,0.0465,152.022
2.772,49.32,4.964,-0.3583,152.222
2.87,49.146,5.2,0.2017,152.422
2.976,48.976,5.425,0.0597,152.622
3.083,48.808,5.642,-0.152,152.822
3.185,48.636,5.671,0.2745,153.022
3.296,48.47,5.573,-0.0197,153.222
3.407,48.303,5.354,-0.308,153.422
3.507,48.13,5.244,0.0872,153.621
3.61,47.959,5.011,0.255,153.821
3.722,47.793,4.765,-0.0015,154.021
3.834,47.627,4.506,-0.4348,154.221
3.931,47.453,4.765,0.3191,154.421
4.039,47.284,5.011,0.093,154.621
4.15,47.118,5.245,-0.1079,154.821
4.258,46.949,5.353,-0.2043,155.021
4.358,46.777,5.124,0.3362,155.221
4.47,46.611,5.341,-0.0045,155.421
4.582,46.445,5.112,-0.3379,155.621
4.682,46.272,5.341,0.0065,155.821
4.782,46.099,5.44,0.2824,156.02
4.892,45.932,5.215,-0.0268,156.22
5.001,45.765,4.98,0.0866,156.42
5.114,45.599,4.733,-0.1353,156.62
5.221,45.431,4.472,0.037,156.82
5.33,45.263,4.195,0.0901,157.02
5.442,45.097,3.899,-0.0311,157.22
5.552,44.931,3.578,-0.6898,157.42
5.639,44.75,3.899,0.5469,157.62
5.745,44.581,4.195,0.1321,157.82
5.856,44.414,4.472,0.0215,158.02
5.967,44.248,4.733,0.0258,158.22
6.079,44.082,4.98,-0.0583,158.42
6.189,43.915,4.925,0.0388,158.62
6.3,43.749,4.675,-0.0085,158.82
6.411,43.583,4.411,-0.3212,159.02
6.511,43.41,4.131,-0.292,159.219
6.601,43.232,3.83,0.6019,159.419
6.711,43.065,4.131,0.0221,159.619
6.823,42.899,4.412,-0.0268,159.819
6.933,42.732,4.676,0.0195,160.019
7.044,42.566,4.926,0.0161,160.219
7.156,42.4,5.164,-0.0353,160.419
7.267,42.234,5.392,-0.0236,160.619
7.377,42.066,5.341,0.0071,160.819
7.487,41.899,5.111,-0.3379,161.019
7.585,41.726,4.896,-0.0216,161.219
7.682,41.551,4.645,0.4092,161.418
7.794,41.386,4.897,0.0123,161.618
7.906,41.22,5.136,-0.2449,161.818
8.01,41.049,5.365,0.147,162.018
8.119,40.881,5.452,0.0497,162.218
8.229,40.714,5.227,-0.0366,162.418
8.338,40.547,4.993,0.0451,162.618
8.449,40.38,4.746,-0.392,162.818
8.546,40.206,4.993,0.3184,163.018
8.655,40.038,5.227,0.1059,163.218
8.766,39.872,5.152,-0.1366,163.418
8.874,39.703,4.913,-0.3078,163.618
8.97,39.528,4.663,0.4061,163.818
9.081,39.361,4.914,-0.0442,164.018
9.19,39.194,5.152,0.0021,164.218
9.299,39.026,5.38,0.0412,164.418
9.409,38.859,5.558,0.0333,164.618
9.521,38.694,5.338,-0.1412,164.818
9.628,38.524,5.108,0.1376,165.018
9.739,38.358,4.868,-0.0018,165.218
9.851,38.192,4.614,-0.3319,165.418
9.951,38.02,4.347,-0.2389,165.617
10.042,37.842,4.062,0.535,165.817
10.153,37.675,4.348,0.0165,166.017
10.263,37.509,4.616,0.0251,166.217
10.375,37.343,4.867,-0.0113,166.417
10.486,37.177,4.614,-0.0106,166.617
10.597,37.01,4.346,0.0115,166.817
10.709,36.844,4.06,-0.0213,167.017
10.819,36.678,3.753,-0.6267,167.217
10.908,36.499,4.06,0.3535,167.417
11.009,36.327,4.345,0.2919,167.616
11.12,36.161,4.613,0.0027,167.816
11.231,35.994,4.866,-0.0555,168.016
11.341,35.827,5.036,0.0823,168.216
11.453,35.661,4.792,-0.0369,168.416
11.564,35.495,4.535,-0.0221,168.616
11.674,35.328,4.262,-0.1505,168.816
11.779,35.158,3.971,-0.4833,169.016
11.867,34.979,3.656,0.6605,169.216
11.978,34.812,3.971,-0.0869,169.416
12.087,34.644,4.262,0.0612,169.616
12.197,34.477,4.421,0.0467,169.816
12.309,34.311,4.14,-0.1031,170.016
12.417,34.144,3.84,-0.5988,170.216
12.504,33.964,3.847,0.5965,170.416
12.613,33.796,4.147,0.0167,170.615
12.721,33.628,4.427,0.0229,170.815
12.831,33.461,4.337,0.0737,171.015
12.943,33.295,4.05,-0.0503,171.215
13.054,33.128,3.742,-0.6304,171.415
13.142,32.949,4.05,0.4685,171.615
13.247,32.779,4.336,0.1334,171.815
13.356,32.612,4.062,-0.0082,172.015
13.465,32.444,3.755,0.0721,172.215
13.577,32.278,3.42,-0.7546,172.415
13.662,32.097,3.755,0.6093,172.615
13.769,31.928,4.062,0.1102,172.814
13.879,31.761,4.347,0.0128,173.014
13.99,31.595,4.264,0.0363,173.214
14.102,31.429,3.972,-0.0419,173.414
14.212,31.263,3.658,-0.6599,173.614
14.3,31.083,3.972,0.4333,173.814
14.403,30.912,4.263,0.2413,174.014
14.514,30.746,4.083,0.0042,174.214
14.625,30.579,3.777,-0.0128,174.414
14.736,30.413,3.445,-0.7439,174.614
14.82,30.232,3.777,0.6023,174.814
14.926,30.062,4.082,0.1439,175.013
15.037,29.896,4.223,-0.0193,175.213
15.147,29.729,3.929,-0.033,175.413
15.256,29.561,3.611,-0.6773,175.613
15.341,29.381,3.611,0.6772,175.813
15.45,29.213,3.929,0.0136,176.013
15.56,29.046,4.223,-0.0148,176.213
15.669,28.878,4.251,-0.054,176.413
15.776,28.71,3.959,-0.5634,176.613
15.863,28.53,3.752,0.6271,176.813
15.973,28.362,4.059,0.076,177.012
16.084,28.197,4.345,-0.0675,177.212
16.194,28.029,4.584,-0.2101,177.412
16.296,27.858,4.314,-0.314,177.612
16.388,27.68,4.027,0.5445,177.812
16.498,27.513,4.314,0.0452,178.012
16.61,27.347,4.584,-0.1207,178.212
16.718,27.179,4.681,-0.0168,178.412
16.825,27.01,4.417,0.1387,178.612
16.937,26.844,4.136,-0.0127,178.812
17.048,26.678,3.835,-0.6003,179.012
17.139,26.5,4.136,0.3569,179.212
17.242,26.329,4.416,0.2376,179.412
17.353,26.163,4.68,0.0043,179.612
17.465,25.997,4.93,-0.1277,179.812
17.572,25.828,4.962,0.1423,180.012
17.684,25.662,4.714,0.0015,180.212
17.795,25.496,4.452,-0.0158,180.412
17.907,25.33,4.174,-0.2257,180.612
18.01,25.16,3.876,-0.4958,180.811
18.097,24.979,3.553,0.6992,181.011
18.207,24.813,3.876,0.0196,181.211
18.319,24.647,4.175,0.0134,181.411
18.43,24.481,4.453,0.0101,181.611
18.543,24.315,4.715,0.0056,181.811
18.655,24.15,4.963,-0.006,182.011
18.767,23.984,5.199,-0.2172,182.211
18.872,23.814,5.425,0.1341,182.411
18.981,23.646,5.641,0.0364,182.611
19.091,23.479,5.85,-0.0547,182.811
19.2,23.312,6.052,-0.0093,183.011
19.309,23.144,6.247,0.0036,183.211
19.417,22.976,6.436,0.0112,183.411
19.526,22.808,6.62,0.0163,183.611
19.635,22.64,6.799,0.0186,183.811
19.745,22.473,6.973,0.0183,184.011
19.856,22.307,7.143,0.0192,184.211
19.967,22.141,7.309,0.0135,184.411
20.079,21.975,7.472,0.0104,184.611
20.191,21.809,7.631,0.0083,184.811
20.304,21.644,7.786,0.0063,185.011
20.416,21.478,7.814,0.0045,185.211
20.529,21.313,7.658,0.0011,185.411
20.642,21.148,7.5,-0.0014,185.611
20.755,20.983,7.338,-0.0034,185.811
20.867,20.818,7.173,-0.0054,186.011
20.98,20.652,7.004,-0.0083,186.211
21.092,20.486,6.83,-0.013,186.411
21.203,20.321,6.652,-0.0133,186.611
21.315,20.154,6.469,-0.0153,186.811
21.425,19.988,6.281,-0.0173,187.011
21.536,19.821,6.087,-0.019,187.211
21.645,19.654,5.886,-0.018,187.411
21.754,19.486,5.679,0.0322,187.611
21.864,19.319,5.464,-0.2523,187.811
21.966,19.147,5.24,-0.0446,188.011
22.065,18.974,5.006,0.3524,188.21
22.177,18.808,5.24,0.0247,188.41
22.29,18.643,5.464,0.0006,188.61
22.403,18.478,5.679,-0.0032,188.81
22.515,18.312,5.887,-0.0055,189.01
22.628,18.147,6.087,-0.0075,189.21
22.74,17.981,6.281,-0.0109,189.41
22.852,17.816,6.47,-0.0153,189.61
22.963,17.649,6.653,-0.0154,189.81
23.074,17.483,6.719,-0.0175,190.01
23.184,17.316,6.538,-0.0185,190.21
23.294,17.149,6.352,-0.0183,190.41
23.403,16.981,6.16,-0.0079,190.61
23.511,16.813,5.962,0.0448,190.81
23.622,16.646,5.758,-0.2037,191.01
23.725,16.475,5.546,-0.0522,191.21
23.826,16.303,5.325,0.3114,191.41
23.938,16.137,5.222,0.019,191.61
24.051,15.972,4.987,-0.0023,191.81
24.164,15.807,4.741,-0.0052,192.01
24.276,15.641,4.48,-0.008,192.21
24.388,15.476,4.204,-0.0123,192.41
24.5,15.31,3.908,-0.0252,192.61
24.611,15.144,3.588,-0.6858,192.81
24.698,14.964,3.908,0.4483,193.01
24.801,14.793,4.203,0.2405,193.209
24.912,14.626,4.479,0.0143,193.409
25.023,14.46,4.74,0.0067,193.609
25.135,14.294,4.986,-0.0748,193.809
25.244,14.127,5.222,0.073,194.009
25.356,13.961,5.419,-0.0128,194.209
25.467,13.795,5.193,-0.0392,194.409
25.577,13.628,4.956,-0.0155,194.609
25.686,13.46,4.708,0.0227,194.809
25.796,13.293,4.446,-0.4467,195.009
25.891,13.117,4.708,0.27,195.209
25.995,12.947,4.956,0.2246,195.409
26.107,12.781,5.192,-0.0438,195.609
26.217,12.614,5.418,-0.276,195.809
26.318,12.441,5.56,0.2856,196.009
26.429,12.275,5.772,-0.03,196.209
26.538,12.107,5.572,0.0087,196.409
26.648,11.94,5.352,-0.0455,196.609
26.756,11.772,5.123,-0.2638,196.809
26.856,11.599,4.883,0.3702,197.009
26.968,11.433,5.123,-0.0026,197.209
27.079,11.267,5.352,-0.2948,197.409
27.181,11.095,5.334,-0.0813,197.608
27.28,10.922,5.104,0.3389,197.808
27.391,10.755,5.334,0.0349,198.008
27.502,10.589,5.146,-0.2368,198.208
27.606,10.418,4.908,0.1443,198.408
27.715,10.25,4.657,0.0964,198.608
27.827,10.085,4.392,-0.1165,198.808
27.935,9.916,4.11,-0.5228,199.008
28.024,9.738,3.937,0.5696,199.208
28.134,9.571,4.231,0.0644,199.408
28.246,9.405,4.506,-0.0839,199.608
28.355,9.237,4.764,-0.0504,199.808
28.462,9.068,4.542,0.1424,200.008
28.574,8.902,4.27,-0.0185,200.208
28.685,8.736,3.979,-0.5578,200.408
28.777,8.559,4.269,0.2507,200.607
28.878,8.387,4.541,0.2989,200.807
28.989,8.22,4.798,0.0248,201.007
29.101,8.055,5.042,-0.1199,201.207
29.209,7.886,5.006,0.1053,201.407
29.32,7.72,4.76,-0.002,201.607
29.431,7.554,4.501,-0.3217,201.807
29.532,7.382,4.227,-0.2771,202.006
29.622,7.204,3.933,0.5707,202.206
29.733,7.037,4.227,0.0556,202.406
29.845,6.871,4.502,-0.056,202.606
29.955,6.705,4.405,0.008,202.806
30.066,6.538,4.124,0.0203,203.006
30.177,6.372,3.822,-0.0501,203.206
30.287,6.205,3.494,-0.7233,203.406
30.371,6.023,3.75,0.6279,203.606
30.478,5.854,4.057,0.1432,203.806
30.589,5.688,4.342,0.0064,204.006
30.7,5.522,4.611,-0.0106,204.206
30.812,5.356,4.864,0.0022,204.406
30.923,5.19,5.041,-0.0148,204.606
31.033,5.023,4.797,-0.0088,204.806
31.144,4.856,4.54,-0.3059,205.006
31.244,4.684,4.268,-0.228,205.205
31.336,4.506,3.978,0.5579,205.405
31.447,4.34,4.269,0.0183,205.605
31.559,4.174,4.541,-0.1211,205.805
31.666,4.006,4.798,0.0531,206.005
31.776,3.839,5.042,0.0559,206.205
31.887,3.673,5.03,-0.059,206.405
31.997,3.505,4.785,0.0221,206.605
32.107,3.338,4.528,-0.4307,206.805
32.203,3.163,4.785,0.2619,207.005
32.307,2.992,5.029,0.2251,207.204
32.419,2.827,5.054,0.0137,207.404
32.531,2.661,4.811,-0.0162,207.604
32.643,2.496,4.555,-0.4256,207.804
32.741,2.321,4.811,0.2558,208.004
32.847,2.152,5.054,0.102,208.204
32.957,1.985,5.286,-0.0261,208.404
33.066,1.817,5.508,0.0145,208.604
33.175,1.649,5.722,0.0884,208.804
33.287,1.484,5.796,-0.1319,209.004
33.395,1.315,5.585,0.0467,209.204
33.505,1.148,5.366,0.074,209.404
33.617,0.982,5.138,0.0012,209.604
33.729,0.817,4.899,-0.0123,209.804
33.84,0.651,4.647,-0.0227,210.004
33.951,0.484,4.382,-0.4599,210.204
34.046,0.309,4.635,0.0037,210.404
34.141,0.133,4.369,0.4625,210.603
34.252,-0.033,4.636,0.0246,210.803
34.363,-0.199,4.888,0.0025,211.003
34.475,-0.365,5.127,-0.092,211.203
34.584,-0.533,5.356,0.0276,211.403
34.694,-0.7,5.576,0.0593,211.603
34.806,-0.866,5.787,-0.0637,211.803
34.915,-1.033,5.919,-0.0221,212.003
35.024,-1.201,5.713,0.0356,212.203
35.134,-1.368,5.499,-0.2375,212.403
35.236,-1.54,5.276,-0.051,212.603
35.336,-1.712,5.044,0.347,212.803
35.448,-1.878,5.277,0.0216,213.003
35.561,-2.043,5.297,-0.0024,213.203
35.674,-2.209,5.065,-0.0194,213.403
35.786,-2.374,4.822,-0.2488,213.603
35.889,-2.545,4.567,-0.288,213.802
35.983,-2.722,4.297,0.4783,214.002
36.093,-2.889,4.567,-0.0117,214.202
36.202,-3.056,4.823,0.0159,214.402
36.312,-3.223,5.066,0.0331,214.602
36.424,-3.389,5.297,0.0125,214.802
36.536,-3.555,5.236,-0.0531,215.002
36.645,-3.722,5.002,0.0467,215.202
36.757,-3.888,4.756,-0.0076,215.402
36.868,-4.054,4.497,-0.0141,215.602
36.979,-4.221,4.221,-0.2347,215.802
37.082,-4.392,3.928,-0.4367,216.001
37.169,-4.571,3.61,0.6777,216.201
37.28,-4.738,3.928,0.0277,216.401
37.392,-4.903,4.222,0.0103,216.601
37.504,-5.069,4.498,-0.0017,216.801
37.617,-5.234,4.757,-0.0505,217.001
37.727,-5.401,5.003,-0.227,217.201
37.83,-5.573,5.237,0.2444,217.401
37.941,-5.739,5.461,-0.0464,217.601
38.051,-5.906,5.677,-0.0284,217.801
38.159,-6.074,5.572,0.0182,218.001
38.269,-6.242,5.353,0.0597,218.201
38.38,-6.408,5.124,-0.3086,218.401
38.481,-6.581,4.884,0.2635,218.601
38.59,-6.748,4.632,0.0779,218.801
38.703,-6.913,4.365,-0.0042,219.001
38.815,-7.079,4.081,-0.0766,219.201
38.924,-7.246,3.775,-0.6194,219.401
39.013,-7.425,3.997,0.5528,219.601
39.12,-7.594,4.286,0.0816,219.801
39.23,-7.761,4.557,0.0083,220.001
39.34,-7.928,4.814,0.0178,220.201
39.451,-8.094,5.057,0.026,220.401
39.563,-8.26,4.962,-0.0294,220.601
39.674,-8.426,4.714,0.0085,220.801
39.785,-8.593,4.452,-0.0027,221.001
39.896,-8.759,4.174,-0.0111,221.201
40.007,-8.925,3.876,-0.0164,221.401
40.117,-9.092,3.553,-0.6994,221.601
40.203,-9.273,3.876,0.5837,221.801
40.309,-9.442,4.174,0.1651,222.0
40.421,-9.608,4.452,0.0106,222.2
40.533,-9.774,4.714,-0.0267,222.4
40.644,-9.94,4.962,-0.2077,222.6
40.749,-10.11,5.198,0.1993,222.8
40.86,-10.277,5.424,-0.03,223.0
40.969,-10.444,5.641,-0.0373,223.2
41.078,-10.612,5.649,0.0088,223.4
41.187,-10.779,5.433,0.062,223.6
41.298,-10.946,5.207,-0.3256,223.8
41.398,-11.119,5.294,0.2479,224.0
41.507,-11.287,5.062,0.1008,224.2
41.619,-11.453,4.819,-0.1403,224.4
41.726,-11.621,4.564,-0.3869,224.6
41.819,-11.798,4.293,0.4791,224.8
41.93,-11.965,4.564,-0.0289,225.0
42.039,-12.132,4.819,0.0072,225.2
42.148,-12.3,5.062,0.0363,225.4
42.259,-12.466,5.294,0.0358,225.6
42.371,-12.632,5.123,-0.1081,225.8
42.48,-12.8,4.883,0.0919,226.0
42.591,-12.966,4.631,0.0089,226.2
42.703,-13.132,4.364,-0.0134,226.4
42.814,-13.298,4.08,-0.1519,226.6
42.92,-13.467,3.775,-0.6196,226.8
43.004,-13.649,3.468,0.7342,227.0
43.114,-13.816,3.798,0.0426,227.2
43.226,-13.982,4.102,0.0094,227.4
43.338,-14.148,4.385,-0.0283,227.6
43.448,-14.314,4.65,-0.0791,227.8
43.557,-14.482,4.902,0.1283,228.0
43.669,-14.648,5.14,-0.0663,228.2
43.779,-14.814,5.078,-0.0281,228.4
43.889,-14.982,4.836,0.0047,228.6
43.998,-15.149,4.581,-0.0273,228.8
44.107,-15.317,4.311,-0.4345,228.999
44.2,-15.494,4.023,0.4782,229.199
44.31,-15.661,3.713,0.0666,229.399
44.422,-15.826,3.374,-0.7007,229.599
44.509,-16.004,3.003,-0.9791,229.797
44.561,-16.197,3.379,-0.0813,229.997
44.61,-16.391,3.717,0.2385,230.197
44.667,-16.582,4.027,-0.0835,230.397
44.722,-16.775,4.315,-0.0957,230.597
44.773,-16.968,4.502,-0.0902,230.797
44.82,-17.162,4.227,-0.0827,230.997
44.865,-17.357,3.933,-0.1238,231.197
44.904,-17.553,3.615,-0.0137,231.397
44.943,-17.75,3.266,-0.0861,231.597
44.978,-17.946,2.875,0.1494,231.797
45.019,-18.142,2.423,0.317,231.996
45.073,-18.335,1.863,0.0436,232.196
45.128,-18.527,1.034,-8.259,232.396
44.936,-18.52,1.836,-0.9137,232.588
44.741,-18.478,2.401,-0.0504,232.788
44.546,-18.433,2.858,0.0403,232.988
44.351,-18.39,3.251,0.0468,233.188
44.155,-18.349,3.601,0.1041,233.388
43.959,-18.312,3.92,-0.0608,233.588
43.763,-18.273,4.215,-0.3221,233.788
43.57,-18.221,4.271,-0.0944,233.988
43.377,-18.166,3.98,0.029,234.188
43.185,-18.111,3.667,0.0251,234.388
42.992,-18.058,3.323,0.0506,234.588
42.799,-18.006,2.94,0.7896,234.788
42.601,-17.986,2.5,-1.4128,234.987
42.421,-17.914,2.902,-1.0481,235.181
42.254,-17.803,3.29,0.1137,235.381
42.086,-17.696,3.636,0.5271,235.581
41.906,-17.607,3.952,-0.0562,235.781
41.728,-17.516,4.245,-0.4362,235.981
41.559,-17.411,4.385,0.1463,236.18
41.387,-17.31,4.103,0.4003,236.38
41.206,-17.223,3.799,0.0102,236.58
41.026,-17.137,3.469,-0.7337,236.78
40.86,-17.025,3.799,0.4905,236.98
40.685,-16.93,4.103,0.0272,237.18
40.508,-16.836,4.385,-0.2356,237.38
40.336,-16.733,4.651,-0.2909,237.579
40.171,-16.621,4.902,-0.0179,237.779
40.006,-16.509,5.141,-0.0014,237.979
39.841,-16.396,5.135,0.0241,238.179
39.675,-16.284,4.896,0.0145,238.379
39.509,-16.172,4.644,-0.1124,238.579
39.346,-16.057,4.379,-0.4605,238.779
39.193,-15.927,4.645,0.0356,238.979
39.04,-15.799,4.896,-0.2529,239.179
38.894,-15.662,4.996,-0.1605,239.379
38.752,-15.522,4.75,-0.0574,239.579
38.612,-15.379,4.49,0.0279,239.779
38.471,-15.237,4.215,0.0754,239.979
38.327,-15.098,3.92,-0.4618,240.179
38.198,-14.947,3.603,-0.4842,240.378
38.084,-14.783,3.254,0.834,240.577
37.944,-14.64,3.604,-0.6054,240.777
37.822,-14.482,3.922,-0.314,240.977
37.711,-14.316,4.217,-0.0381,241.177
37.6,-14.15,4.237,0.2358,241.377
37.482,-13.988,3.944,0.4776,241.576
37.349,-13.839,3.627,-0.671,241.776
37.237,-13.673,3.944,-0.0988,241.976
37.129,-13.505,4.237,-0.0052,242.176
37.021,-13.337,4.512,0.0068,242.376
36.912,-13.169,4.77,0.012,242.576
36.803,-13.002,4.946,0.023,242.776
36.693,-12.835,4.698,0.0167,242.976
36.583,-12.668,4.435,-0.0052,243.176
36.473,-12.501,4.155,0.174,243.376
36.357,-12.338,3.856,0.4885,243.576
36.226,-12.187,3.531,-0.708,243.776
36.117,-12.019,3.856,-0.0039,243.976
36.009,-11.851,4.156,0.0035,244.176
35.9,-11.683,4.08,0.2479,244.376
35.784,-11.521,3.776,0.5246,244.575
35.65,-11.372,3.443,-0.7446,244.775
35.541,-11.205,3.776,0.0076,244.975
35.431,-11.038,4.081,0.229,245.175
35.314,-10.876,4.365,0.054,245.375
35.195,-10.715,4.632,-0.2654,245.575
35.085,-10.548,4.884,0.0592,245.775
34.972,-10.383,5.124,0.031,245.975
34.859,-10.218,5.353,-0.0297,246.175
34.747,-10.053,5.573,-0.0119,246.375
34.635,-9.887,5.353,0.0093,246.575
34.523,-9.721,5.124,-0.0608,246.775
34.412,-9.554,4.884,0.2053,246.975
34.295,-9.392,4.632,-0.1316,247.175
34.183,-9.227,4.365,0.219,247.375
34.063,-9.067,4.082,0.2897,247.574
33.934,-8.915,3.777,-0.6189,247.774
33.825,-8.747,4.082,0.0003,247.974
33.716,-8.579,4.31,0.4753,248.174
33.592,-8.423,4.579,-0.065,248.374
33.47,-8.265,4.783,-0.386,248.573
33.36,-8.098,5.027,0.0379,248.773
33.249,-7.932,5.261,0.2251,248.973
33.131,-7.77,5.484,-0.1746,249.173
33.018,-7.605,5.699,-0.0465,249.373
32.907,-7.439,5.761,0.0308,249.573
32.795,-7.274,5.549,-0.0161,249.773
32.683,-7.108,5.328,0.0397,249.973
32.57,-6.943,5.098,-0.062,250.173
32.459,-6.776,4.857,0.22,250.373
32.341,-6.615,4.603,0.0771,250.573
32.22,-6.456,4.335,-0.3465,250.773
32.111,-6.288,4.049,0.0091,250.973
32.001,-6.121,3.741,0.6309,251.173
31.872,-5.969,4.048,-0.2789,251.373
31.751,-5.81,4.334,-0.3769,251.572
31.642,-5.643,4.401,0.0388,251.772
31.532,-5.476,4.12,0.5202,251.972
31.405,-5.321,4.401,-0.4214,252.172
31.292,-5.157,4.666,-0.0705,252.372
31.181,-4.99,4.916,0.0609,252.572
31.068,-4.825,5.154,0.0592,252.772
30.953,-4.662,5.382,-0.1262,252.972
30.842,-4.495,5.601,0.0495,253.172
30.729,-4.33,5.811,0.0072,253.372
30.617,-4.165,6.014,-0.0184,253.572
30.504,-3.999,5.916,-0.0156,253.772
30.393,-3.833,5.709,0.0642,253.972
30.279,-3.669,5.495,-0.0387,254.172
30.167,-3.503,5.272,-0.0512,254.372
30.056,-3.337,5.039,0.1613,254.572
29.94,-3.174,4.796,0.136,254.771
29.819,-3.014,4.539,-0.328,254.971
29.71,-2.847,4.266,0.0021,255.171
29.6,-2.68,3.975,0.5588,255.371
29.472,-2.527,4.265,-0.1633,255.571
29.35,-2.369,4.372,-0.4325,255.77
29.241,-2.201,4.088,-0.0009,255.97
29.133,-2.033,3.783,0.6169,256.17
29.004,-1.88,4.088,-0.4167,256.37
28.889,-1.717,4.371,-0.1339,256.57
28.779,-1.55,4.638,0.0628,256.77
28.666,-1.385,4.89,0.1076,256.97
28.549,-1.222,5.129,-0.1738,257.17
28.439,-1.056,5.358,0.0507,257.37
28.326,-0.89,5.578,-0.0145,257.57
28.214,-0.725,5.652,0.0062,257.77
28.102,-0.559,5.436,0.0577,257.97
27.988,-0.395,5.211,-0.0564,258.17
27.876,-0.229,4.975,-0.0515,258.37
27.766,-0.062,4.728,0.2596,258.57
27.647,0.098,4.467,0.0079,258.77
27.528,0.259,4.19,-0.2938,258.97
27.418,0.426,3.893,0.0012,259.17
27.309,0.593,3.571,0.6922,259.37
27.177,0.744,3.892,-0.4062,259.569
27.059,0.904,4.189,-0.307,259.769
26.95,1.072,4.466,0.0939,259.969
26.838,1.237,4.302,0.4771,260.169
26.71,1.391,4.235,-0.4922,260.369
26.599,1.557,4.51,-0.0182,260.568
26.488,1.724,4.768,0.083,260.768
26.374,1.888,5.014,0.0479,260.968
26.259,2.052,5.248,-0.1534,261.168
26.149,2.219,5.472,0.0636,261.368
26.036,2.384,5.687,-0.038,261.568
25.925,2.55,5.55,0.0565,261.768
25.812,2.715,5.329,0.0549,261.968
25.698,2.879,5.099,-0.0841,262.168
25.586,3.045,4.858,-0.0602,262.368
25.476,3.212,4.604,0.3785,262.568
25.354,3.37,4.336,-0.1434,262.768
25.236,3.532,4.05,-0.0377,262.968
25.12,3.694,3.743,0.5484,263.168
24.986,3.843,3.407,-0.7605,263.368
24.877,4.01,3.743,0.0125,263.567
24.767,4.177,3.873,0.207,263.767
24.65,4.34,3.55,0.0692,263.967
24.532,4.5,3.195,-0.2794,264.167
24.422,4.668,2.794,-0.0015,264.367
24.312,4.835,2.325,1.6331,264.567
24.157,4.956,2.789,1.0923,264.765
23.978,5.042,3.187,0.581,264.963
23.789,5.108,3.017,0.1346,265.163
23.598,5.168,2.589,0.3396,265.363
23.403,5.214,2.074,2.0522,265.563
23.208,5.18,2.585,-0.4208,265.762
23.009,5.162,3.013,-0.3651,265.961
22.809,5.158,2.968,-0.0103,266.161
22.61,5.155,2.533,1.376,266.36
22.419,5.097,2.969,-0.8282,266.56
22.221,5.072,3.348,0.1838,266.76
22.024,5.04,3.689,0.2362,266.96
21.828,4.998,4.001,0.1056,267.16
21.633,4.952,4.291,0.066,267.36
21.439,4.904,4.547,0.2929,267.56
21.248,4.844,4.275,-0.4831,267.76
21.053,4.803,4.547,-0.1473,267.959
20.856,4.768,4.803,0.1035,268.159
20.66,4.729,4.783,0.1714,268.359
20.465,4.683,4.525,-0.3165,268.559
20.268,4.649,4.251,0.4885,268.759
20.076,4.597,4.524,0.08,268.959
19.883,4.541,4.333,-0.0475,269.159
19.691,4.487,4.046,-0.107,269.359
19.497,4.438,3.738,-0.6318,269.559
19.299,4.413,4.046,-0.0074,269.759
19.1,4.388,4.333,0.4182,269.959
18.905,4.347,4.245,0.3502,270.158
18.713,4.292,3.952,0.0815,270.358
18.521,4.235,3.636,-0.2658,270.558
18.327,4.187,3.289,-0.8162,270.758
18.128,4.172,3.635,0.4624,270.958
17.931,4.138,3.951,0.2931,271.158
17.736,4.093,4.244,0.1423,271.357
17.543,4.042,4.518,0.1902,271.557
17.351,3.984,4.776,-0.0982,271.757
17.159,3.93,4.571,-0.0836,271.957
16.966,3.879,4.301,-0.1097,272.157
16.771,3.832,4.012,-0.3384,272.357
16.575,3.799,3.702,-0.4345,272.557
16.375,3.783,3.362,0.7811,272.757
16.181,3.735,3.702,0.1221,272.957
15.988,3.684,4.013,0.101,273.157
15.796,3.628,4.302,-0.0209,273.357
15.604,3.573,4.572,-0.1159,273.557
15.41,3.523,4.827,-0.0918,273.757
15.216,3.476,5.07,-0.1372,273.957
15.02,3.434,5.301,-0.0238,274.157
14.824,3.393,5.523,0.0592,274.357
14.629,3.35,5.736,0.0262,274.557
14.434,3.307,5.942,-0.0789,274.757
14.238,3.266,6.14,0.2317,274.957
14.044,3.216,6.333,0.1982,275.157
13.853,3.158,6.519,-0.1151,275.357
13.66,3.105,6.701,-0.0705,275.556
13.466,3.055,6.878,0.0026,275.756
13.273,3.004,7.05,-0.1705,275.956
13.078,2.96,7.218,-0.1424,276.156
12.881,2.922,7.382,0.1581,276.356
12.687,2.878,7.543,-0.0436,276.556
12.491,2.835,7.417,-0.0679,276.756
12.295,2.795,7.253,0.1417,276.956
12.101,2.749,7.086,0.1247,277.156
11.907,2.699,6.914,0.0499,277.356
11.714,2.646,6.739,0.1078,277.556
11.522,2.59,6.558,-0.0308,277.756
11.33,2.534,6.372,-0.1839,277.956
11.136,2.486,6.181,-0.1128,278.156
10.941,2.442,5.984,-0.0484,278.356
10.745,2.4,5.78,-0.0513,278.556
10.549,2.36,5.569,0.0013,278.756
10.353,2.32,5.349,0.0619,278.956
10.158,2.278,5.119,0.1211,279.156
9.964,2.231,4.879,0.1116,279.356
9.77,2.179,4.627,0.1342,279.556
9.579,2.122,4.36,-0.0523,279.756
9.386,2.068,4.075,-0.1098,279.956
9.193,2.017,3.77,-0.1872,280.156
8.998,1.974,3.437,-0.7474,280.356
8.798,1.961,3.686,0.6497,280.556
8.602,1.921,3.998,0.2172,280.756
8.408,1.874,4.241,0.1425,280.955
8.216,1.82,3.948,0.0999,281.155
8.024,1.763,3.631,-0.0866,281.355
7.831,1.709,3.284,-0.8185,281.555
7.633,1.688,3.631,0.3159,281.755
7.436,1.654,3.948,0.1229,281.955
7.239,1.615,4.241,0.0965,282.155
7.044,1.572,4.515,0.3841,282.355
6.853,1.514,4.428,0.0154,282.555
6.661,1.456,4.148,-0.5131,282.755
6.465,1.418,4.428,-0.061,282.955
6.269,1.382,4.534,-0.0387,283.155
6.072,1.347,4.261,-0.1231,283.355
5.874,1.318,3.969,0.5604,283.555
5.681,1.266,4.261,0.1863,283.755
5.49,1.208,4.523,-0.1808,283.955
5.296,1.156,4.249,-0.17,284.154
5.102,1.111,3.957,-0.2074,284.354
4.905,1.074,3.642,-0.552,284.554
4.706,1.059,3.296,0.8129,284.754
4.512,1.012,3.641,0.2428,284.954
4.32,0.955,3.957,-0.046,285.154
4.128,0.9,4.249,-0.3137,285.354
3.933,0.858,4.117,-0.5209,285.553
3.734,0.835,4.169,0.0751,285.753
3.536,0.81,3.871,0.5893,285.953
3.342,0.762,4.169,0.2272,286.153
3.15,0.705,4.113,-0.0826,286.353
2.958,0.651,3.81,-0.3077,286.553
2.762,0.609,3.482,-0.7283,286.753
2.563,0.596,3.673,0.6545,286.953
2.367,0.557,3.985,0.2389,287.152
2.173,0.509,4.276,0.1483,287.352
1.98,0.455,4.019,0.0353,287.552
1.789,0.4,3.708,-0.642,287.752
1.591,0.369,4.019,0.197,287.952
1.395,0.331,4.307,-0.1699,288.152
1.197,0.3,4.151,0.2423,288.352
1.002,0.259,3.852,0.4253,288.551
0.81,0.202,3.527,-0.1257,288.751
0.617,0.149,3.169,-0.8793,288.951
0.418,0.131,3.527,0.4087,289.151
0.221,0.097,3.852,0.1961,289.351
0.026,0.055,4.152,0.1528,289.551
-0.168,0.008,4.109,0.3059,289.751
-0.359,-0.052,3.805,-0.6097,289.951
-0.556,-0.088,4.109,0.1896,290.151
-0.751,-0.131,4.354,-0.3421,290.351
-0.948,-0.161,4.07,0.0091,290.55
-1.145,-0.191,3.764,0.6231,290.749
-1.338,-0.246,4.071,0.0571,290.949
-1.53,-0.302,4.097,-0.1384,291.149
-1.723,-0.354,3.793,-0.6137,291.349
-1.92,-0.381,4.096,-0.1325,291.549
-2.119,-0.403,4.139,0.3717,291.749
-2.315,-0.44,3.838,0.5993,291.948
-2.506,-0.5,4.139,-0.2818,292.148
-2.7,-0.549,4.42,-0.1122,292.348
-2.895,-0.594,4.212,-0.3991,292.548
-3.092,-0.623,3.918,-0.211,292.748
-3.29,-0.644,3.599,0.6816,292.947
-3.485,-0.692,3.918,0.2659,293.147
-3.676,-0.75,4.214,-0.0613,293.347
-3.868,-0.806,4.292,-0.4773,293.547
-4.064,-0.842,4.004,-0.366,293.746
-4.263,-0.865,3.692,0.0476,293.946
-4.461,-0.89,3.351,0.7862,294.146
-4.653,-0.945,3.692,0.0603,294.346
-4.845,-1.002,4.004,-0.1674,294.546
-5.038,-1.054,4.293,-0.4401,294.746
-5.234,-1.088,4.192,-0.4671,294.946
-5.434,-1.103,3.895,0.582,295.145
-5.63,-1.142,4.192,0.4271,295.345
-5.822,-1.197,4.469,0.0701,295.545
-6.014,-1.255,4.73,-0.2869,295.745
-6.208,-1.301,4.798,-0.3471,295.945
-6.405,-1.334,4.541,0.1271,296.145
-6.601,-1.373,4.268,-0.2817,296.345
-6.799,-1.4,3.977,0.5581,296.545
-6.993,-1.449,4.258,0.18,296.744
-7.185,-1.504,3.966,-0.1074,296.944
-7.378,-1.556,3.651,-0.1646,297.144
-7.572,-1.602,3.307,-0.8075,297.344
-7.772,-1.615,3.652,0.6068,297.544
-7.968,-1.653,3.966,0.2811,297.744
-8.162,-1.701,4.258,0.1466,297.944
-8.354,-1.755,4.382,0.1032,298.144
-8.546,-1.813,4.099,-0.2271,298.344
-8.74,-1.863,3.795,-0.613,298.544
-8.938,-1.888,4.099,0.1927,298.743
-9.135,-1.921,4.382,0.1552,298.943
-9.331,-1.96,4.647,0.0698,299.143
-9.527,-2.001,4.613,0.415,299.343
-9.718,-2.059,4.628,-0.0003,299.543
-9.91,-2.117,4.361,-0.4641,299.743
-10.105,-2.157,4.259,-0.1072,299.943
-10.302,-2.192,3.967,-0.0098,300.143
-10.499,-2.227,3.653,-0.23,300.343
-10.697,-2.254,3.308,0.8069,300.543
-10.889,-2.311,3.653,-0.0808,300.743
-11.081,-2.366,3.968,-0.1145,300.943
-11.275,-2.416,4.136,-0.3651,301.143
-11.471,-2.452,3.836,-0.5138,301.342
-11.67,-2.467,3.509,0.7169,301.542
-11.865,-2.511,3.836,0.1392,301.742
-12.059,-2.561,4.137,0.147,301.942
-12.251,-2.616,4.185,0.0309,302.142
-12.443,-2.672,3.888,-0.2206,302.342
-12.637,-2.719,3.567,-0.694,302.541
-12.836,-2.74,3.889,0.4548,302.741
-13.032,-2.778,4.186,0.012,302.941
-13.228,-2.817,4.463,0.2143,303.141
-13.422,-2.864,4.352,0.2748,303.341
-13.614,-2.922,4.067,-0.0046,303.541
-13.805,-2.979,3.76,-0.6244,303.741
-14.002,-3.013,4.067,0.1017,303.941
-14.199,-3.05,4.352,-0.1543,304.141
-14.396,-3.081,4.298,0.078,304.341
-14.593,-3.116,4.01,0.5491,304.54
-14.785,-3.171,4.299,0.0391,304.74
-14.977,-3.228,4.57,-0.2955,304.94
-15.171,-3.274,4.361,-0.0294,305.14
-15.366,-3.319,4.076,-0.2932,305.34
-15.563,-3.352,3.771,-0.3236,305.54
-15.762,-3.372,3.439,0.7466,305.739
-15.955,-3.422,3.772,0.1419,305.939
-16.148,-3.477,4.077,0.0034,306.139
-16.34,-3.532,4.249,-0.0808,306.339
-16.533,-3.584,3.957,-0.3133,306.539
-16.728,-3.624,3.642,-0.6657,306.739
-16.928,-3.638,3.918,0.5751,306.939
-17.124,-3.674,4.213,0.4276,307.139
-17.317,-3.728,4.489,0.1245,307.339
-17.508,-3.785,4.748,-0.1978,307.539
-17.702,-3.836,4.749,-0.3915,307.738
-17.899,-3.871,4.995,0.0735,307.938
-18.095,-3.909,4.83,-0.2978,308.138
-18.293,-3.935,4.575,0.4145,308.338
-18.488,-3.977,4.305,0.36,308.538
-18.68,-4.034,4.017,-0.0012,308.738
-18.872,-4.09,3.706,-0.252,308.938
-19.066,-4.137,3.367,-0.7789,309.138
-19.265,-4.152,3.706,0.4452,309.337
-19.462,-4.186,4.016,0.3241,309.537
-19.657,-4.232,4.304,0.1227,309.737
-19.85,-4.283,4.292,0.2038,309.937
-20.041,-4.342,4.002,-0.1334,310.137
-20.234,-4.395,3.69,-0.6483,310.337
-20.431,-4.424,4.002,-0.1456,310.536
-20.63,-4.446,4.159,0.2451,310.736
-20.827,-4.478,3.86,0.5925,310.936
-21.019,-4.534,4.159,0.1042,311.136
-21.21,-4.593,4.326,-0.3064,311.336
-21.404,-4.64,4.039,-0.5412,311.536
-21.602,-4.667,4.269,-0.0769,311.735
-21.8,-4.69,3.979,0.5576,311.935
-21.995,-4.735,4.27,0.1292,312.135
-22.188,-4.785,4.542,0.2138,312.335
-22.38,-4.844,4.335,-0.4676,312.535
-22.575,-4.884,4.049,-0.3972,312.734
-22.773,-4.909,3.741,-0.0704,312.934
-22.972,-4.93,3.406,0.7611,313.134
-23.165,-4.982,3.742,0.1407,313.334
-23.357,-5.039,4.05,-0.085,313.533
-23.549,-5.093,4.309,-0.4756,313.733
-23.745,-5.129,4.561,-0.3382,313.933
-23.944,-5.151,4.291,0.4796,314.132
-24.14,-5.192,4.562,0.0535,314.332
-24.335,-5.235,4.818,0.3491,314.532
-24.527,-5.291,4.681,-0.1714,314.732
-24.72,-5.341,4.418,-0.2501,314.932
-24.916,-5.382,4.137,-0.0527,315.132
-25.112,-5.42,3.837,-0.4741,315.332
-25.311,-5.439,3.51,0.7167,315.532
-25.505,-5.487,3.836,0.2049,315.731
-25.697,-5.543,4.051,-0.028,315.931
-25.889,-5.597,3.743,-0.23,316.131
-26.084,-5.643,3.408,-0.76,316.331
-26.283,-5.658,3.744,0.375,316.531
-26.481,-5.689,4.052,0.4687,316.731
-26.674,-5.737,4.337,0.2344,316.931
-26.866,-5.795,4.397,-0.1083,317.131
-27.058,-5.849,4.116,-0.4083,317.33
-27.255,-5.887,3.813,-0.6072,317.53
-27.454,-5.901,3.807,0.6093,317.73
-27.65,-5.938,4.109,0.3477,317.93
-27.843,-5.99,4.391,0.0998,318.13
-28.035,-6.045,4.122,0.03,318.33
-28.227,-6.101,3.82,-0.1828,318.53
-28.421,-6.151,3.492,-0.7241,318.73
-28.619,-6.172,3.819,0.1114,318.929
-28.818,-6.197,4.121,0.4149,319.129
-29.013,-6.238,4.402,0.4282,319.329
-29.204,-6.297,4.53,-0.0198,319.529
-29.396,-6.354,4.257,-0.4873,319.729
-29.592,-6.392,4.399,-0.4196,319.928
-29.79,-6.414,4.118,0.1197,320.128
-29.988,-6.441,3.817,0.6061,320.327
-30.181,-6.491,3.936,0.2568,320.527
-30.372,-6.552,3.619,-0.6742,320.727
-30.569,-6.586,3.936,-0.329,320.927
-30.768,-6.607,4.23,0.2727,321.127
-30.964,-6.639,4.139,0.5154,321.326
-31.157,-6.691,3.865,-0.2563,321.526
-31.353,-6.733,3.541,-0.7041,321.726
-31.552,-6.747,3.865,0.5518,321.926
-31.748,-6.783,4.163,0.4389,322.125
-31.941,-6.836,4.442,0.0403,322.325
-32.133,-6.89,4.191,-0.5028,322.525
-32.33,-6.925,3.98,-0.5255,322.725
-32.53,-6.939,3.666,0.6569,322.925
-32.725,-6.98,3.979,0.3762,323.124
-32.917,-7.034,4.27,-0.0892,323.324
-33.11,-7.085,4.034,-0.5426,323.524
-33.308,-7.116,3.849,-0.3422,323.724
-33.507,-7.132,3.523,0.7112,323.924
-33.701,-7.177,3.848,0.2784,324.123
-33.894,-7.232,4.027,0.0077,324.323
-34.086,-7.288,3.717,-0.2152,324.523
-34.28,-7.335,3.38,-0.773,324.723
-34.479,-7.352,3.718,0.2845,324.923
-34.677,-7.38,4.027,0.4758,325.123
-34.871,-7.427,4.315,0.2792,325.322
-35.062,-7.484,4.264,-0.0717,325.522
-35.255,-7.539,3.972,-0.3753,325.722
-35.451,-7.579,3.658,-0.6598,325.922
-35.65,-7.593,3.972,0.5078,326.122
-35.846,-7.628,4.263,0.4223,326.322
-36.04,-7.678,4.045,0.1807,326.521
-36.231,-7.736,3.736,-0.0535,326.721
-36.423,-7.792,3.4,-0.7639,326.921
-36.622,-7.817,3.736,0.2557,327.121
-36.818,-7.853,4.044,-0.0109,327.321
-37.015,-7.889,4.331,0.094,327.521
-37.211,-7.928,4.396,0.4569,327.721
-37.403,-7.984,4.661,0.0586,327.921
-37.594,-8.043,4.518,-0.4326,328.121
-37.789,-8.086,4.368,-0.0702,328.321
-37.985,-8.125,4.084,-0.189,328.521
-38.182,-8.158,3.779,-0.2034,328.721
-38.381,-8.182,3.447,0.7429,328.92
-38.573,-8.235,3.78,0.0878,329.12
-38.765,-8.291,4.085,-0.1281,329.32
-38.958,-8.343,4.293,-0.1074,329.52
-39.153,-8.391,4.004,-0.2376,329.72
-39.349,-8.429,3.693,-0.5918,329.92
-39.548,-8.444,3.352,0.7858,330.12
-39.743,-8.489,3.692,0.1383,330.32
-39.936,-8.541,4.004,0.0961,330.52
-40.128,-8.596,3.968,0.0118,330.72
-40.32,-8.651,3.653,-0.1684,330.92
-40.514,-8.7,3.308,-0.8066,331.119
-40.713,-8.717,3.653,0.4816,331.319
-40.91,-8.753,3.968,0.187,331.519
-41.105,-8.797,4.259,0.1766,331.719
-41.298,-8.847,4.481,0.1929,331.919
-41.49,-8.905,4.205,-0.1281,332.119
-41.683,-8.958,3.909,-0.5779,332.319
-41.88,-8.988,4.204,-0.2111,332.519
-42.079,-9.01,4.349,0.2791,332.719
-42.276,-9.043,4.065,0.5344,332.918
-42.468,-9.096,4.35,0.0932,333.118
-42.66,-9.154,4.618,-0.1411,333.318
-42.853,-9.206,4.578,-0.1345,333.518
-43.047,-9.252,4.308,-0.4758,333.718
-43.245,-9.28,4.03,-0.1716,333.917
-43.443,-9.301,3.721,0.6376,334.117
-43.638,-9.348,4.031,0.15,334.317
-43.831,-9.4,4.318,0.147,334.517
-44.022,-9.458,4.496,-0.4367,334.717
-44.217,-9.499,4.755,-0.3793,334.916
-44.416,-9.525,4.519,-0.1135,335.116
-44.615,-9.546,4.246,-0.0994,335.316
-44.814,-9.564,3.953,0.2838,335.516
-45.012,-9.592,3.637,-0.387,335.716
-45.211,-9.606,3.291,0.0464,335.916
-45.408,-9.621,2.908,1.0205,336.114
-45.6,-9.676,2.461,-1.4572,336.314
-45.8,-9.674,2.908,0.0567,336.514
-46.0,-9.673,3.295,0.0116,336.713
-46.2,-9.674,3.641,-0.0133,336.913
-46.4,-9.673,3.957,-0.0053,337.113
-46.6,-9.673,4.134,0.026,337.313
-46.8,-9.673,3.832,-0.0673,337.513
-47.0,-9.671,3.505,-0.2928,337.713
-47.199,-9.658,3.146,-0.885,337.913
-47.393,-9.609,2.738,1.1778,338.113
-47.593,-9.607,3.146,-0.2622,338.313
-47.792,-9.594,3.506,-0.2482,338.512
-47.991,-9.572,3.341,-0.2737,338.712
-48.188,-9.539,2.961,-0.6673,338.912
-48.379,-9.48,2.523,1.3865,339.112
-48.578,-9.475,2.96,-0.6793,339.312
-48.774,-9.444,3.338,-0.593,339.51
-48.967,-9.39,3.68,-0.1345,339.71
-49.158,-9.33,3.993,0.3022,339.91
-49.352,-9.282,4.283,-0.0016,340.11
-49.546,-9.234,4.386,-0.276,340.31
-49.737,-9.175,4.104,-0.5242,340.51
-49.92,-9.097,4.386,-0.1545,340.709
-50.101,-9.014,4.36,0.4644,340.909
-50.29,-8.947,4.175,0.0046,341.109
-50.479,-8.88,3.876,-0.5875,341.309
-50.658,-8.792,4.174,-0.0537,341.509
-50.836,-8.702,4.453,0.0426,341.709
-51.016,-8.613,4.305,0.0266,341.909
-51.195,-8.525,4.017,-0.0742,342.109
-51.374,-8.435,3.706,-0.6427,342.309
-51.539,-8.322,4.017,0.3678,342.509
-51.712,-8.222,4.305,-0.1349,342.708
-51.882,-8.118,4.112,-0.2384,342.908
-52.048,-8.005,3.809,-0.1325,343.108
-52.21,-7.888,3.48,0.1736,343.308
-52.376,-7.777,3.116,-0.9095,343.508
-52.519,-7.638,3.479,0.5311,343.708
-52.675,-7.515,3.78,0.1008,343.907
-52.834,-7.395,3.45,-0.7417,344.105
-52.974,-7.252,3.782,0.0612,344.305
-53.116,-7.111,4.087,0.0016,344.505
-53.258,-6.97,4.027,-0.0356,344.705
-53.399,-6.828,3.717,-0.0277,344.905
-53.539,-6.686,3.379,0.2028,345.105
-53.685,-6.549,3.003,-0.9791,345.305
-53.8,-6.387,3.377,0.0168,345.504
-53.917,-6.225,3.715,0.1219,345.704
-54.038,-6.066,4.025,-0.2908,345.904
-54.149,-5.9,4.313,-0.2824,346.104
-54.251,-5.728,4.583,-0.0892,346.304
-54.35,-5.554,4.837,-0.1617,346.504
-54.443,-5.377,4.866,-0.0996,346.704
-54.533,-5.198,4.613,-0.1281,346.904
-54.617,-5.017,4.345,-0.4676,347.104
-54.685,-4.829,4.613,0.0684,347.304
-54.755,-4.642,4.866,-0.1452,347.504
-54.82,-4.452,5.031,-0.2268,347.704
-54.876,-4.261,4.787,-0.0851,347.903
-54.929,-4.068,4.529,0.0983,348.103
-54.986,-3.876,4.256,-0.1245,348.303
-55.037,-3.683,3.964,-0.175,348.503
-55.082,-3.488,3.649,-0.6632,348.703
-55.101,-3.289,3.849,-0.2909,348.903
-55.109,-3.09,3.523,0.1212,349.103
-55.121,-2.89,3.165,0.8813,349.302
-55.168,-2.696,2.91,-1.0426,349.502
-55.173,-2.497,3.296,0.5255,349.702
-55.2,-2.3,3.639,0.1462,349.9
-55.232,-2.104,3.411,-0.7586,350.099
-55.234,-1.904,3.747,0.0288,350.299
-55.237,-1.704,4.054,-0.3287,350.499
-55.228,-1.504,4.098,-0.4028,350.699
-55.202,-1.306,3.795,-0.1247,350.899
-55.171,-1.109,3.465,0.7354,351.098
-55.17,-0.909,3.796,-0.0999,351.298
-55.164,-0.709,3.604,-0.6429,351.498
-55.133,-0.513,3.255,0.1414,351.697
-55.108,-0.316,2.867,0.6771,351.895
-55.109,-0.117,2.414,-1.5155,352.095
-55.051,0.075,2.868,0.0591,352.295
-54.994,0.267,3.26,0.4207,352.495
-54.955,0.462,3.458,0.1807,352.694
-54.922,0.66,3.092,-0.3061,352.894
-54.877,0.853,2.678,-1.2309,353.093
-54.786,1.032,2.889,1.0582,353.293
-54.735,1.225,3.277,-0.0677,353.493
-54.681,1.417,3.625,-0.3507,353.693
-54.614,1.605,3.942,-0.3774,353.892
-54.532,1.788,4.235,-0.2038,354.092
-54.444,1.967,4.509,-0.0716,354.292
-54.352,2.145,4.768,0.0889,354.492
-54.264,2.324,4.575,-0.4218,354.692
-54.161,2.495,4.83,-0.2428,354.892
-54.05,2.662,4.851,-0.1022,355.092
-53.936,2.826,4.597,-0.3383,355.292
-53.81,2.981,4.328,-0.2791,355.492
-53.677,3.13,4.041,0.5401,355.692
-53.56,3.292,3.733,-0.1725,355.891
-53.438,3.449,3.399,-0.7642,356.09
-53.293,3.586,3.073,-0.9348,356.29
-53.125,3.694,2.917,1.0374,356.49
-52.983,3.834,3.302,-0.4582,356.689
-52.83,3.961,3.645,-0.5598,356.888
-52.662,4.07,3.961,-0.1343,357.088
-52.492,4.174,4.253,-0.3852,357.288
-52.314,4.265,4.031,-0.5433,357.488
-52.127,4.336,4.318,-0.1267,357.687
-51.938,4.403,4.355,-0.0842,357.887
-51.748,4.466,4.071,-0.2657,358.087
-51.556,4.519,3.765,-0.6228,358.287
-51.358,4.548,4.071,-0.2858,358.487
-51.159,4.565,3.799,0.6118,358.687
-50.964,4.606,4.093,-0.3431,358.886
-50.767,4.634,3.791,-0.6143,359.085
-50.567,4.638,3.879,-0.1223,359.285
-50.367,4.637,3.556,0.0835,359.485
-50.167,4.639,3.201,-0.8616,359.685
-49.972,4.607,3.553,-0.1417,359.883
-49.777,4.57,3.289,0.8163,360.081
-49.578,4.565,2.934,-1.026,360.281
-49.383,4.519,3.317,-0.2742,360.481
-49.191,4.462,3.661,0.0666,360.681
-48.999,4.408,3.975,0.0275,360.881
-48.806,4.355,3.966,-0.1028,361.081
-48.614,4.298,3.651,-0.1442,361.281
-48.424,4.236,3.306,-0.073,361.481
-48.235,4.171,2.921,-1.035,361.681
-48.064,4.069,3.304,0.2987,361.879
-47.888,3.977,3.646,0.3058,362.078
-47.706,3.897,3.627,-0.671,362.277
-47.536,3.792,3.878,-0.587,362.477
-47.379,3.668,3.923,0.4214,362.677
-47.213,3.557,3.604,-0.6798,362.877
-47.063,3.426,3.92,-0.5115,363.075
-46.927,3.279,4.171,0.0064,363.275
-46.791,3.133,3.873,-0.3958,363.475
-46.667,2.976,3.549,-0.7009,363.675
-46.566,2.804,3.641,-0.666,363.875
-46.489,2.62,3.956,-0.5606,364.074
-46.433,2.429,4.248,-0.3589,364.274
-46.391,2.233,4.274,0.4833,364.474
-46.33,2.043,4.061,-0.46,364.674
-46.286,1.848,3.754,-0.6264,364.873
-46.268,1.649,3.774,-0.413,365.073
-46.266,1.449,3.442,-0.2363,365.273
-46.273,1.25,3.074,-0.9346,365.472
-46.317,1.055,3.442,-0.1446,365.672
-46.367,0.861,3.395,0.5698,365.872
-46.395,0.664,3.022,-0.304,366.072
-46.434,0.472,2.604,-1.3022,366.268
-46.522,0.293,3.029,0.7873,366.467
-46.581,0.101,3.402,-0.4745,366.667
-46.658,-0.083,3.738,-0.2269,366.867
-46.743,-0.264,4.047,-0.1254,367.067
-46.833,-0.443,4.221,-0.0208,367.267
-46.923,-0.621,3.926,0.0864,367.467
-47.011,-0.801,3.608,0.0407,367.667
-47.097,-0.982,3.258,0.8316,367.867
-47.151,-1.173,3.607,0.0041,368.067
-47.206,-1.366,3.873,0.4548,368.267
-47.243,-1.561,3.552,0.6997,368.465
-47.252,-1.76,3.255,-0.8332,368.665
-47.295,-1.955,3.605,-0.187,368.865
-47.344,-2.149,3.319,0.8015,369.065
-47.363,-2.347,3.168,0.3679,369.263
-47.366,-2.547,2.763,-0.02,369.463
-47.37,-2.746,2.29,1.6841,369.663
-47.308,-2.936,2.765,-0.6793,369.863
-47.273,-3.133,3.168,-0.2923,370.062
-47.248,-3.331,3.387,0.2562,370.262
-47.214,-3.527,3.014,0.8041,370.461
-47.149,-3.716,2.585,0.1088,370.661
-47.079,-3.904,2.07,2.0613,370.861
-46.941,-4.046,2.581,0.0806,371.059
-46.8,-4.188,3.01,0.1685,371.259
-46.655,-4.324,3.255,0.8333,371.458
-46.488,-4.434,3.272,0.8248,371.658
-46.306,-4.516,3.62,0.1143,371.858
-46.121,-4.594,3.938,-0.132,372.058
-45.939,-4.676,4.231,0.2083,372.258
-45.754,-4.75,4.015,0.4833,372.457
-45.562,-4.807,3.704,0.076,372.657
-45.37,-4.861,3.365,0.0853,372.857
-45.176,-4.911,2.987,0.9896,373.057
-44.978,-4.922,3.362,-0.3401,373.256
-44.782,-4.947,3.061,-0.576,373.454
-44.589,-4.993,2.644,1.2634,373.652
-44.389,-4.991,3.064,-0.0352,373.852
-44.189,-4.989,3.433,-0.0714,374.052
-43.989,-4.991,3.19,0.3724,374.252
-43.792,-4.977,2.792,1.1325,374.45
-43.6,-4.92,3.193,-0.1505,374.65
-43.407,-4.868,3.549,-0.1667,374.85
-43.212,-4.822,3.872,0.2637,375.05
-43.02,-4.767,3.904,0.5724,375.25
-42.837,-4.69,3.585,0.645,375.449
-42.664,-4.59,3.233,0.2827,375.649
-42.496,-4.48,2.838,1.0964,375.849
-42.357,-4.336,3.233,0.4677,376.048
-42.233,-4.181,3.584,0.3205,376.248
-42.118,-4.017,3.904,0.1276,376.448
-42.007,-3.85,4.201,-0.0542,376.648
-41.894,-3.685,4.312,0.0203,376.848
-41.783,-3.519,4.024,0.4047,377.048
-41.685,-3.345,3.714,0.1867,377.248
-41.593,-3.167,3.376,-0.1493,377.448
-41.497,-2.993,3.0,-0.3999,377.647
-41.386,-2.826,2.57,1.3371,377.847
-41.324,-2.636,3.0,-0.0351,378.047
-41.26,-2.446,3.377,-0.5045,378.247
-41.178,-2.265,3.714,-0.3309,378.447
-41.084,-2.088,3.69,0.1575,378.647
-40.995,-1.91,3.35,0.7867,378.846
-40.936,-1.719,3.691,-0.0331,379.046
-40.875,-1.528,3.938,0.138,379.246
-40.82,-1.336,3.62,0.1296,379.446
-40.769,-1.142,3.272,-0.0209,379.646
-40.718,-0.949,2.882,-0.0831,379.846
-40.664,-0.758,2.433,1.4917,380.045
-40.668,-0.558,2.788,-1.1357,380.245
-40.628,-0.363,3.187,-0.4227,380.444
-40.571,-0.172,3.263,0.4635,380.644
-40.533,0.022,2.877,1.067,380.841
-40.536,0.222,3.254,-0.014,381.041
-40.539,0.422,2.861,-1.0784,381.241
-40.5,0.616,3.25,0.2643,381.439
-40.47,0.812,3.355,0.7842,381.637
-40.472,1.012,3.696,-0.049,381.837
-40.471,1.212,3.746,-0.0025,382.037
-40.471,1.412,3.411,0.7589,382.237
-40.5,1.608,3.472,0.1869,382.435
-40.537,1.803,3.111,-0.9125,382.633
-40.537,2.003,3.475,0.451,382.833
-40.556,2.202,3.805,0.1968,383.033
-40.583,2.4,3.87,0.4758,383.233
-40.628,2.594,3.547,0.1291,383.433
-40.678,2.787,3.192,-0.6176,383.632
-40.704,2.985,2.791,1.1331,383.832
-40.774,3.173,3.193,-0.6351,384.032
-40.819,3.367,3.548,-0.174,384.231
-40.858,3.563,3.871,0.2776,384.431
-40.908,3.756,3.967,0.5612,384.631
-40.979,3.943,4.258,0.1021,384.831
-41.053,4.129,4.531,0.4081,385.031
-41.143,4.307,4.643,-0.2929,385.231
-41.222,4.491,4.377,0.4511,385.431
-41.317,4.666,4.095,0.5264,385.629
-41.43,4.831,4.379,-0.0146,385.829
-41.543,4.996,4.645,-0.0002,386.029
-41.656,5.161,4.551,-0.0724,386.229
-41.766,5.328,4.279,0.2775,386.429
-41.885,5.488,3.989,0.2998,386.629
-42.014,5.641,3.676,0.1584,386.829
-42.147,5.79,3.334,-0.7944,387.029
-42.256,5.958,3.074,0.9346,387.229
-42.393,6.103,3.44,-0.3358,387.428
-42.519,6.255,3.573,-0.3239,387.627
-42.636,6.417,3.221,0.8509,387.826
-42.779,6.556,3.076,-0.9331,388.026
-42.894,6.72,3.444,0.5734,388.226
-43.026,6.869,3.775,-0.1186,388.425
-43.155,7.021,3.47,-0.4229,388.624
-43.27,7.184,3.107,0.9148,388.823
-43.414,7.323,3.219,-0.852,389.023
-43.531,7.484,3.572,0.4579,389.223
-43.663,7.633,3.568,0.0699,389.422
-43.796,7.781,3.216,-0.7127,389.621
-43.908,7.947,2.818,1.1115,389.82
-44.054,8.084,3.099,-0.9193,390.02
-44.171,8.244,3.463,0.2691,390.219
-44.297,8.398,3.512,0.3779,390.418
-44.434,8.542,3.153,-0.8882,390.617
-44.544,8.709,3.027,0.9637,390.817
-44.684,8.852,3.4,-0.2704,391.017
-44.816,9.002,3.736,-0.1395,391.217
-44.944,9.155,4.044,0.0426,391.417
-45.074,9.308,4.331,-0.0621,391.617
-45.201,9.462,4.6,0.0342,391.817
-45.329,9.615,4.854,0.0089,392.017
-45.458,9.768,5.095,-0.0086,392.217
-45.587,9.922,5.325,-0.0252,392.417
-45.714,10.076,5.546,-0.0348,392.617
-45.841,10.231,5.758,0.0637,392.817
-45.969,10.384,5.963,0.0055,393.017
-46.098,10.537,5.975,-0.023,393.217
-46.226,10.691,5.771,-0.0345,393.417
-46.353,10.845,5.559,0.1017,393.617
-46.483,10.997,5.339,-0.0993,393.817
-46.61,11.152,5.109,0.0096,394.017
-46.737,11.306,4.868,0.0572,394.217
-46.866,11.459,4.615,-0.0342,394.417
-46.994,11.612,4.348,0.0412,394.617
-47.124,11.765,4.062,-0.0337,394.817
-47.252,11.918,3.755,-0.2295,395.017
-47.373,12.077,3.421,-0.1972,395.216
-47.487,12.241,3.052,0.9481,395.416
-47.631,12.38,3.112,-0.9115,395.616
-47.746,12.542,3.475,0.4169,395.815
-47.875,12.694,3.803,0.3218,396.014
-48.013,12.838,4.107,-0.251,396.214
-48.144,12.989,4.389,-0.1627,396.414
-48.27,13.145,4.654,0.1241,396.614
-48.4,13.297,4.905,-0.0547,396.814
-48.529,13.45,5.144,-0.0638,397.014
-48.655,13.605,5.372,0.1723,397.214
-48.787,13.756,5.591,-0.2723,397.414
-48.91,13.913,5.802,0.18,397.614
-49.039,14.066,6.005,0.0072,397.814
-49.168,14.219,6.202,-0.0943,398.014
-49.294,14.374,6.079,0.207,398.214
-49.426,14.524,5.878,-0.2555,398.414
-49.551,14.68,5.702,0.1563,398.614
-49.68,14.833,5.488,0.0113,398.814
-49.81,14.985,5.265,-0.2165,399.013
-49.933,15.142,5.032,0.2695,399.213
-50.064,15.293,4.787,-0.2055,399.413
-50.189,15.449,4.53,0.1154,399.613
-50.318,15.602,4.257,0.0607,399.813
-50.448,15.754,3.965,-0.2287,400.013
-50.572,15.911,3.65,0.6629,400.213
-50.715,16.051,3.43,-0.7506,400.413
-50.835,16.209,3.605,0.187,400.612
-50.961,16.363,3.257,0.4586,400.811
-51.101,16.505,2.867,-1.0745,401.01
-51.207,16.675,2.807,1.1206,401.21
-51.348,16.816,3.205,-0.5457,401.41
-51.473,16.971,3.558,-0.0906,401.608
-51.595,17.128,3.627,0.6587,401.807
-51.737,17.268,3.28,-0.8205,402.007
-51.854,17.431,3.628,0.5196,402.207
-51.987,17.579,3.944,0.1182,402.407
-52.124,17.725,4.168,-0.1494,402.607
-52.256,17.875,3.87,-0.5065,402.807
-52.373,18.037,3.546,0.702,403.007
-52.511,18.182,3.87,-0.4278,403.207
-52.636,18.337,3.674,0.1156,403.406
-52.765,18.49,3.332,0.354,403.606
-52.904,18.633,2.951,-1.0135,403.805
-53.012,18.801,2.95,1.0149,404.005
-53.151,18.944,3.331,-0.3282,404.205
-53.28,19.096,3.672,-0.1977,404.404
-53.403,19.253,3.985,0.3769,404.604
-53.539,19.4,4.148,0.1755,404.804
-53.679,19.543,3.848,-0.5963,405.004
-53.801,19.701,3.783,0.2178,405.203
-53.929,19.853,3.453,0.29,405.402
-54.067,19.997,3.087,-0.9262,405.602
-54.175,20.165,2.877,1.0666,405.802
-54.317,20.306,3.267,0.0172,406.001
-54.459,20.447,3.616,-0.3548,406.201
-54.59,20.596,3.271,-0.6223,406.4
-54.702,20.762,2.881,1.0634,406.6
-54.847,20.9,3.187,-0.8695,406.8
-54.965,21.06,3.542,0.2878,406.999
-55.092,21.213,3.754,0.5058,407.198
-55.235,21.353,3.42,0.0046,407.398
-55.377,21.493,3.049,-0.9498,407.598
-55.491,21.658,3.419,0.6265,407.797
-55.623,21.806,3.752,-0.0042,407.996
-55.756,21.954,3.665,-0.5816,408.195
-55.87,22.118,3.322,0.7999,408.395
-56.01,22.261,3.666,0.1391,408.595
-56.153,22.4,3.952,-0.5178,408.795
-56.281,22.553,3.638,-0.2833,408.994
-56.4,22.712,3.293,0.8143,409.193
-56.544,22.851,2.99,-0.9873,409.393
-56.658,23.015,3.367,0.5847,409.593
-56.789,23.165,3.647,0.3176,409.792
-56.931,23.306,3.302,-0.0219,409.992
-57.071,23.448,2.917,-1.0376,410.192
-57.18,23.616,3.065,0.9399,410.392
-57.318,23.76,3.433,-0.2677,410.591
-57.447,23.912,3.765,-0.1834,410.79
-57.572,24.068,3.845,0.4249,410.99
-57.709,24.214,3.52,-0.7128,411.19
-57.824,24.377,3.845,0.4717,411.39
-57.954,24.529,4.145,-0.0802,411.59
-58.082,24.682,4.425,-0.326,411.79
-58.199,24.844,4.688,-0.251,411.989
-58.308,25.012,4.463,-0.4433,412.189
-58.402,25.189,4.724,0.3791,412.389
-58.509,25.358,4.971,0.1161,412.589
-58.619,25.524,4.978,-0.1628,412.789
-58.725,25.694,4.731,-0.3944,412.989
-58.816,25.872,4.725,-0.2144,413.189
-58.9,26.053,4.464,0.1894,413.389
-58.991,26.231,4.187,-0.5036,413.589
-59.063,26.417,4.204,0.0682,413.788
-59.138,26.602,3.908,0.1531,413.988
-59.218,26.785,3.589,-0.6059,414.187
-59.276,26.976,3.238,0.8422,414.387
-59.365,27.155,3.589,-0.5414,414.587
-59.434,27.343,3.909,-0.2222,414.787
-59.495,27.533,4.205,-0.0958,414.987
-59.552,27.725,4.472,-0.0021,415.187
-59.609,27.916,4.195,0.1881,415.387
-59.674,28.106,3.899,-0.5809,415.587
-59.716,28.301,4.195,0.4338,415.787
-59.774,28.492,4.472,0.2648,415.987
-59.843,28.68,4.732,0.0512,416.187
-59.913,28.867,4.979,-0.1036,416.387
-59.98,29.056,5.215,-0.109,416.587
-60.043,29.246,5.44,-0.1703,416.787
-60.099,29.438,5.656,0.0244,416.987
-60.156,29.629,5.865,0.1372,417.187
-60.218,29.819,6.066,0.1683,417.387
-60.287,30.007,6.237,0.0908,417.587
-60.359,30.194,6.041,-0.1608,417.787
-60.425,30.382,5.839,-0.2589,417.987
-60.481,30.574,6.041,0.0242,418.186
-60.538,30.766,6.237,0.0724,418.386
-60.598,30.957,6.426,0.0778,418.586
-60.661,31.147,6.238,0.208,418.786
-60.731,31.334,6.042,-0.0195,418.986
-60.801,31.521,5.84,-0.1751,419.186
-60.865,31.711,5.631,-0.1095,419.386
-60.924,31.902,5.414,-0.0497,419.586
-60.981,32.094,5.188,0.0163,419.786
-61.039,32.285,4.951,0.2057,419.986
-61.104,32.474,4.702,0.1573,420.186
-61.176,32.661,4.44,-0.061,420.386
-61.245,32.848,4.161,-0.1578,420.586
-61.309,33.038,3.862,-0.1475,420.786
-61.366,33.229,3.537,0.0033,420.986
-61.424,33.421,3.18,0.873,421.186
-61.515,33.599,3.537,-0.6009,421.386
-61.583,33.787,3.861,-0.2176,421.586
-61.643,33.978,4.161,-0.0948,421.786
-61.699,34.169,4.44,-0.0575,421.986
-61.753,34.362,4.702,-0.0282,422.186
-61.806,34.555,4.951,0.0699,422.386
-61.862,34.747,5.187,0.1601,422.586
-61.924,34.937,5.414,0.1665,422.786
-61.992,35.125,5.631,0.0743,422.986
-62.063,35.312,5.647,-0.0878,423.186
-62.131,35.5,5.431,-0.2993,423.386
-62.187,35.692,5.647,0.0507,423.586
-62.245,35.883,5.856,0.0095,423.786
-62.304,36.075,6.058,0.1186,423.986
-62.367,36.264,6.252,0.1513,424.186
-62.436,36.452,6.442,0.0478,424.386
-62.506,36.639,6.472,-0.2108,424.586
-62.569,36.829,6.655,-0.0432,424.786
-62.63,37.02,6.833,-0.09,424.986
-62.688,37.211,6.66,0.0189,425.186
-62.746,37.402,6.477,0.1453,425.386
-62.81,37.592,6.29,0.1932,425.586
-62.881,37.779,6.096,-0.0188,425.786
-62.951,37.966,5.896,-0.254,425.986
-63.012,38.157,6.096,-0.0708,426.185
-63.07,38.348,6.289,-0.0008,426.385
-63.128,38.539,6.477,0.0223,426.585
-63.187,38.73,6.66,0.1956,426.785
-63.253,38.919,6.838,0.1172,426.985
-63.324,39.106,7.011,-0.1331,427.185
-63.39,39.295,7.085,-0.0731,427.385
-63.453,39.485,6.914,-0.065,427.585
-63.513,39.675,6.738,-0.1233,427.785
-63.569,39.867,6.557,0.1198,427.985
-63.63,40.058,6.372,0.2175,428.185
-63.698,40.246,6.557,0.0592,428.385
-63.769,40.433,6.738,-0.1167,428.585
-63.836,40.622,6.914,-0.1815,428.785
-63.895,40.812,7.085,-0.0394,428.985
-63.953,41.004,7.033,-0.0206,429.185
-64.01,41.195,6.861,0.1504,429.385
-64.073,41.385,6.683,0.1387,429.585
-64.142,41.573,6.501,0.0093,429.785
-64.21,41.761,6.314,-0.1128,429.985
-64.275,41.95,6.121,-0.0023,430.185
-64.339,42.14,5.922,-0.2145,430.385
-64.395,42.332,5.716,0.0494,430.585
-64.453,42.523,5.502,0.1554,430.785
-64.517,42.713,5.279,0.1547,430.985
-64.587,42.9,5.047,0.0476,431.185
-64.658,43.087,4.803,-0.1769,431.385
-64.723,43.276,4.546,-0.1931,431.585
-64.78,43.468,4.274,-0.0424,431.785
-64.836,43.66,3.984,0.0665,431.985
-64.895,43.851,3.67,-0.014,432.185
-64.953,44.042,3.328,-0.3736,432.385
-64.996,44.237,2.945,-1.018,432.585
-64.999,44.437,3.213,0.855,432.785
-65.036,44.633,3.565,-0.0445,432.984
-65.071,44.829,3.465,-0.6746,433.183
-65.079,45.028,3.1,-0.9185,433.382
-65.051,45.226,3.466,-0.4707,433.582
-65.004,45.42,3.796,-0.0021,433.782
-64.958,45.615,3.537,0.0849,433.982
-64.914,45.81,3.179,-0.336,434.182
-64.858,46.001,2.778,-0.9707,434.381
-64.767,46.176,2.314,-1.6488,434.578
-64.623,46.314,2.785,1.0715,434.778
-64.511,46.48,3.186,-0.6338,434.978
-64.38,46.629,3.218,-0.6827,435.177
-64.23,46.76,2.823,-0.82,435.376
-64.061,46.864,2.363,-1.5817,435.574
-63.866,46.911,2.825,0.2691,435.774
-63.675,46.968,3.222,-0.1349,435.974
-63.482,47.02,2.933,0.0578,436.174
-63.289,47.074,2.491,-0.5125,436.374
-63.098,47.108,1.969,-2.2762,436.568
-62.906,47.052,2.506,-0.0539,436.768
-62.714,46.995,2.946,0.1733,436.968
-62.521,46.945,3.328,0.1133,437.168
-62.326,46.899,3.545,-0.3516,437.368
-62.136,46.84,3.191,-0.8673,437.567
-61.959,46.748,3.547,-0.5147,437.767
-61.791,46.639,3.87,-0.0408,437.967
-61.625,46.528,4.169,-0.3145,438.167
-61.466,46.407,3.955,-0.2645,438.367
-61.313,46.278,3.639,-0.0616,438.566
-61.162,46.147,3.293,0.7489,438.766
-60.993,46.04,2.906,-1.0454,438.966
-60.851,45.9,3.292,0.4227,439.166
-60.697,45.774,3.637,0.484,439.365
-60.531,45.662,3.315,0.0155,439.565
-60.366,45.551,2.932,-1.0269,439.764
-60.226,45.408,3.316,0.6662,439.964
-60.068,45.285,3.659,0.362,440.164
-59.902,45.174,3.795,-0.195,440.364
-59.741,45.057,3.466,-0.7349,440.563
-59.599,44.917,3.388,0.7691,440.763
-59.436,44.801,3.725,-0.5453,440.963
-59.287,44.667,4.02,0.2045,441.162
-59.134,44.54,3.71,0.1668,441.362
-58.976,44.419,3.373,-0.7761,441.561
-58.838,44.274,3.712,0.1611,441.761
-58.696,44.133,4.022,-0.0049,441.961
-58.554,43.992,4.31,-0.0197,442.161
-58.412,43.851,4.58,-0.0149,442.361
-58.271,43.709,4.592,-0.0019,442.561
-58.13,43.567,4.322,0.0117,442.761
-57.989,43.426,4.035,0.0133,442.961
-57.847,43.285,3.726,-0.0355,443.161
-57.706,43.143,3.389,-0.7687,443.361
-57.589,42.981,3.726,0.5464,443.561
-57.455,42.833,4.035,-0.2283,443.76
-57.328,42.679,4.322,-0.1496,443.96
-57.205,42.521,4.331,0.4706,444.16
-57.068,42.376,4.203,0.094,444.36
-56.928,42.233,3.908,-0.5782,444.56
-56.807,42.075,4.037,0.1224,444.759
-56.681,41.92,3.729,0.3846,444.958
-56.544,41.776,3.393,-0.7669,445.158
-56.43,41.611,3.73,0.1624,445.358
-56.31,41.45,4.039,0.4213,445.558
-56.178,41.301,4.117,-0.1069,445.757
-56.05,41.148,3.815,-0.6065,445.957
-55.94,40.981,4.118,0.0177,446.157
-55.83,40.814,4.4,0.1692,446.357
-55.714,40.651,4.664,-0.0689,446.557
-55.601,40.487,4.915,-0.0522,446.757
-55.489,40.321,4.899,-0.0151,446.957
-55.378,40.155,4.647,-0.0575,447.157
-55.268,39.987,4.381,0.084,447.357
-55.156,39.822,4.098,-0.5257,447.557
-55.062,39.646,4.381,0.0842,447.756
-54.965,39.471,4.646,0.1792,447.956
-54.862,39.3,4.897,-0.3258,448.156
-54.77,39.122,5.137,0.2228,448.356
-54.67,38.949,5.03,0.0281,448.556
-54.569,38.776,4.785,-0.1903,448.756
-54.475,38.6,4.528,0.1221,448.956
-54.377,38.426,4.255,0.25,449.155
-54.27,38.257,3.963,-0.5621,449.355
-54.183,38.077,4.237,0.4918,449.555
-54.078,37.907,4.511,-0.2107,449.755
-53.981,37.732,4.467,-0.1313,449.955
-53.888,37.555,4.189,0.1411,450.155
-53.791,37.381,3.893,0.3741,450.354
-53.681,37.214,3.572,-0.6921,450.554
-53.594,37.034,3.893,0.5614,450.754
-53.488,36.864,4.19,-0.2796,450.954
-53.392,36.689,4.467,-0.1954,451.154
-53.303,36.511,4.196,0.1628,451.354
-53.208,36.335,3.9,0.4956,451.554
-53.095,36.169,3.579,-0.6892,451.754
-53.007,35.99,3.9,-0.0685,451.953
-52.921,35.809,4.196,0.4002,452.153
-52.822,35.637,4.472,0.1606,452.353
-52.716,35.467,4.655,-0.4074,452.553
-52.625,35.289,4.906,0.1386,452.753
-52.529,35.114,5.145,0.1945,452.953
-52.426,34.942,5.082,-0.2657,453.153
-52.332,34.766,4.841,0.1248,453.352
-52.234,34.592,4.587,0.2261,453.552
-52.128,34.422,4.317,-0.4736,453.752
-52.039,34.243,4.587,0.3803,453.952
-51.936,34.072,4.779,-0.1079,454.152
-51.837,33.898,4.521,-0.1482,454.352
-51.744,33.721,4.248,0.1173,454.552
-51.646,33.547,3.956,0.3195,454.751
-51.537,33.38,3.64,-0.6663,454.951
-51.452,33.199,3.956,0.0662,455.151
-51.364,33.019,4.249,0.484,455.351
-51.259,32.849,4.522,-0.0693,455.551
-51.157,32.678,4.328,-0.3667,455.75
-51.067,32.499,4.041,-0.0436,455.95
-50.979,32.32,3.732,0.6338,456.15
-50.869,32.153,4.041,-0.4764,456.35
-50.775,31.976,4.327,0.0985,456.55
-50.678,31.802,4.596,0.1102,456.75
-50.577,31.629,4.85,-0.1055,456.95
-50.48,31.454,5.092,-0.1208,457.15
-50.387,31.277,4.921,0.3645,457.35
-50.281,31.108,5.16,-0.331,457.55
-50.187,30.931,5.206,0.1083,457.75
-50.089,30.757,4.971,0.156,457.949
-49.985,30.586,4.724,-0.3452,458.149
-49.894,30.408,4.462,-0.002,458.349
-49.803,30.23,4.185,0.5042,458.549
-49.694,30.063,4.462,-0.3336,458.749
-49.597,29.889,4.483,-0.0347,458.948
-49.501,29.714,4.207,0.3112,459.148
-49.394,29.545,3.912,-0.5769,459.348
-49.307,29.365,4.208,0.0812,459.548
-49.218,29.186,4.297,0.4781,459.748
-49.112,29.017,4.51,-0.1574,459.947
-49.011,28.844,4.236,-0.3653,460.147
-48.923,28.665,3.943,-0.0091,460.347
-48.835,28.485,3.626,0.6716,460.547
-48.724,28.319,3.943,-0.5647,460.747
-48.633,28.141,4.236,0.3336,460.947
-48.53,27.97,4.51,0.0213,461.146
-48.426,27.8,4.272,-0.271,461.346
-48.332,27.624,3.981,0.515,461.545
-48.22,27.458,3.667,-0.6564,461.745
-48.13,27.279,3.981,0.4519,461.945
-48.025,27.109,4.271,-0.1743,462.145
-47.926,26.936,4.543,-0.1916,462.345
-47.834,26.759,4.71,0.398,462.544
-47.728,26.59,4.632,-0.4115,462.744
-47.636,26.412,4.884,0.1663,462.944
-47.538,26.238,4.7,0.0682,463.144
-47.437,26.065,4.437,0.1605,463.344
-47.332,25.895,4.158,0.0853,463.544
-47.223,25.727,3.859,-0.5928,463.744
-47.135,25.548,3.725,0.6365,463.944
-47.025,25.381,4.034,-0.525,464.144
-46.933,25.204,4.32,0.1899,464.343
-46.835,25.03,4.367,0.364,464.543
-46.724,24.864,4.083,-0.0825,464.743
-46.615,24.696,3.778,-0.6186,464.943
-46.529,24.516,3.963,0.5623,465.143
-46.422,24.347,4.254,0.115,465.342
-46.312,24.18,4.368,-0.0052,465.542
-46.202,24.013,4.084,0.0869,465.742
-46.089,23.848,3.78,0.6181,465.942
-45.957,23.698,4.085,-0.2403,466.142
-45.832,23.542,4.132,0.3185,466.342
-45.697,23.395,3.831,-0.051,466.542
-45.564,23.246,3.505,-0.6263,466.741
-45.451,23.082,3.144,0.8931,466.941
-45.31,22.94,3.505,0.0589,467.141
-45.167,22.8,3.604,-0.0674,467.341
-45.026,22.658,3.254,0.038,467.541
-44.885,22.518,2.863,1.0775,467.74
-44.716,22.41,3.047,-0.9513,467.94
-44.571,22.273,3.417,0.3121,468.14
-44.417,22.146,3.751,0.3866,468.339
-44.254,22.03,4.058,0.1672,468.539
-44.088,21.92,4.344,-0.0213,468.739
-43.921,21.809,4.612,-0.0958,468.939
-43.757,21.695,4.865,0.0312,469.139
-43.592,21.582,5.106,0.024,469.339
-43.426,21.469,5.336,-0.0033,469.539
-43.261,21.357,5.521,-0.0065,469.739
-43.096,21.244,5.299,-0.0043,469.939
-42.93,21.132,5.068,0.0,470.139
-42.765,21.019,4.825,0.0121,470.339
-42.6,20.907,4.57,0.1365,470.539
-42.431,20.799,4.299,0.413,470.739
-42.255,20.705,4.011,-0.5489,470.939
-42.089,20.593,4.162,0.5097,471.139
-41.913,20.498,4.27,0.4841,471.338
-41.729,20.421,4.129,0.0126,471.538
-41.545,20.344,3.828,-0.3425,471.738
-41.367,20.255,3.501,0.7205,471.937
-41.177,20.192,3.392,-0.7674,472.137
-40.999,20.101,3.729,0.4844,472.337
-40.813,20.028,4.037,0.2817,472.537
-40.623,19.965,4.324,0.1454,472.737
-40.432,19.907,4.593,0.2187,472.937
-40.238,19.858,4.726,0.0239,473.137
-40.044,19.81,4.464,-0.3116,473.337
-39.853,19.75,4.187,0.1446,473.536
-39.661,19.696,3.89,0.1891,473.736
-39.466,19.649,3.568,0.2549,473.936
-39.27,19.612,3.215,0.7385,474.136
-39.071,19.604,2.818,-1.1122,474.336
-38.878,19.552,3.214,0.5223,474.535
-38.681,19.521,3.567,0.2199,474.734
-38.483,19.498,3.311,-0.2786,474.934
-38.286,19.464,2.927,-0.6605,475.134
-38.095,19.405,2.483,1.4316,475.334
-37.895,19.402,2.926,0.1741,475.533
-37.696,19.406,3.311,-0.4284,475.733
-37.498,19.393,3.003,-0.9792,475.931
-37.305,19.342,2.648,1.2591,476.131
-37.105,19.34,3.068,0.0056,476.331
-36.905,19.339,3.437,0.034,476.531
-36.705,19.339,3.616,-0.0468,476.731
-36.506,19.337,3.267,-0.4178,476.931
-36.306,19.318,2.877,-0.3779,477.131
-36.109,19.285,2.424,1.5024,477.331
-35.916,19.31,2.866,0.1606,477.526
-35.721,19.341,3.199,-0.8628,477.723
-35.521,19.339,3.554,0.0251,477.923
-35.321,19.338,3.821,0.6047,478.123
-35.122,19.361,3.61,0.0762,478.323
-34.924,19.387,3.261,-0.2488,478.523
-34.725,19.403,2.87,-0.4497,478.722
-34.525,19.401,2.416,1.5122,478.922
-34.334,19.459,2.682,-1.2277,479.122
-34.136,19.469,3.094,0.3679,479.321
-33.94,19.493,3.307,0.8073,479.518
-33.748,19.548,3.652,-0.1926,479.718
-33.554,19.597,3.967,0.2065,479.918
-33.362,19.653,4.259,0.0045,480.118
-33.17,19.709,4.532,-0.2097,480.318
-32.976,19.758,4.789,0.0043,480.518
-32.782,19.806,4.708,0.3363,480.718
-32.592,19.867,4.445,0.3207,480.918
-32.406,19.941,4.167,0.3498,481.118
-32.225,20.027,3.868,-0.5901,481.318
-32.037,20.092,4.166,0.1304,481.517
-31.85,20.161,4.444,0.4039,481.717
-31.668,20.245,4.706,0.0856,481.917
-31.488,20.332,4.955,0.1169,482.117
-31.311,20.424,5.191,-0.0789,482.317
-31.131,20.513,5.222,-0.056,482.517
-30.951,20.6,4.987,0.3188,482.717
-30.777,20.697,4.741,0.3928,482.916
-30.611,20.809,4.988,-0.1602,483.116
-30.442,20.915,5.223,0.1751,483.316
-30.276,21.027,5.429,0.0051,483.516
-30.11,21.139,5.203,-0.0056,483.716
-29.944,21.251,4.967,-0.0072,483.916
-29.779,21.362,4.72,0.0048,484.116
-29.613,21.474,4.458,0.1945,484.316
-29.451,21.592,4.18,-0.2435,484.516
-29.284,21.702,3.883,0.5857,484.716
-29.132,21.83,3.972,0.2728,484.915
-28.987,21.967,3.658,-0.6598,485.114
-28.825,22.083,3.637,0.6675,485.314
-28.679,22.221,3.953,0.1165,485.514
-28.537,22.361,4.246,0.0346,485.714
-28.396,22.503,3.999,-0.017,485.914
-28.254,22.644,3.686,0.0093,486.114
-28.113,22.785,3.345,0.7891,486.314
-27.995,22.947,3.685,-0.3819,486.513
-27.867,23.098,3.677,-0.2423,486.712
-27.73,23.244,3.336,0.7934,486.911
-27.619,23.409,3.678,-0.0028,487.111
-27.507,23.575,3.991,-0.0184,487.311
-27.394,23.74,4.281,-0.0044,487.511
-27.281,23.905,4.553,0.0064,487.711
-27.169,24.071,4.809,0.0373,487.911
-27.057,24.237,4.716,0.397,488.111
-26.96,24.411,4.964,0.1699,488.311
-26.868,24.589,5.01,-0.351,488.511
-26.764,24.76,4.765,0.0677,488.711
-26.662,24.931,4.507,0.4346,488.91
-26.576,25.112,4.766,-0.0943,489.11
-26.486,25.29,4.856,-0.0301,489.31
-26.395,25.469,4.603,0.0728,489.51
-26.307,25.648,4.334,-0.0115,489.71
-26.219,25.827,4.048,0.2129,489.91
-26.138,26.01,3.74,0.3876,490.11
-26.071,26.198,3.405,-0.7615,490.31
-25.977,26.374,3.741,0.1272,490.51
-25.887,26.553,4.049,0.3011,490.71
-25.808,26.737,4.335,0.0085,490.909
-25.729,26.92,4.551,-0.1602,491.109
-25.645,27.102,4.279,-0.0907,491.309
-25.557,27.281,3.989,-0.1451,491.509
-25.464,27.458,3.676,0.6534,491.709
-25.395,27.646,3.989,-0.3317,491.909
-25.314,27.828,4.278,-0.224,492.109
-25.224,28.007,4.55,0.0829,492.309
-25.138,28.187,4.806,0.1085,492.509
-25.055,28.369,5.05,0.2031,492.709
-24.98,28.555,5.282,-0.3003,492.909
-24.894,28.735,5.505,-0.1059,493.108
-24.804,28.914,5.285,0.1237,493.308
-24.719,29.095,5.053,0.1866,493.508
-24.64,29.278,4.809,-0.3817,493.708
-24.548,29.456,4.809,-0.3817,493.908
