x,y,left_dist,right_dist,Tx,Ty,Nx,Ny,kappa,dkappa,ddkappa,s
0.6268,-0.1271,0.9,0.85,-1.0,-0.000639,0.000639,-1.0,-0.0005617,-0.00272166,0.00086795,0.0
0.5268,-0.1271,0.9,0.85,-1.0,-0.000583,0.000583,-1.0,-0.00083386,-0.00263486,0.00810566,0.1
0.4268,-0.1272,0.9,0.85,-1.0,-0.000472,0.000472,-1.0,-0.00108867,-0.00110052,0.01490862,0.2
0.3268,-0.1272,0.9,0.85,-1.0,-0.000365,0.000365,-1.0,-0.00105397,0.00034686,0.00723538,0.3
0.2268,-0.1273,0.9,0.85,-1.0,-0.000261,0.000261,-1.0,-0.0010193,0.00034655,-3.07e-06,0.4
0.1268,-0.1273,0.9,0.85,-1.0,-0.000161,0.000161,-1.0,-0.00098466,0.00034625,-3e-06,0.5
0.0268,-0.1273,0.9,0.85,-1.0,-6.4e-05,6.4e-05,-1.0,-0.00095005,0.00034595,-2.081e-05,0.6
-0.0732,-0.1273,0.9,0.85,-1.0,2.9e-05,-2.9e-05,-1.0,-0.00091547,0.00034209,-7.142e-05,0.7
-0.1732,-0.1273,0.9,0.85,-1.0,0.000119,-0.000119,-1.0,-0.00088163,0.00033167,-4.598e-05,0.8
-0.2732,-0.1273,0.9,0.85,-1.0,0.000205,-0.000205,-1.0,-0.00084913,0.00033289,0.00011519,0.9
-0.3732,-0.1273,0.9,0.85,-1.0,0.000289,-0.000289,-1.0,-0.00081505,0.00035471,0.00015542,1.0
-0.4732,-0.1272,0.9,0.85,-1.0,0.000368,-0.000368,-1.0,-0.00077819,0.00036397,-1.476e-05,1.1
-0.5732,-0.1272,0.9,0.85,-1.0,0.000444,-0.000444,-1.0,-0.00074226,0.00035175,-9.971e-05,1.2
-0.6732,-0.1271,0.9,0.85,-1.0,0.000517,-0.000517,-1.0,-0.00070784,0.00034403,-3.98e-05,1.3
-0.7732,-0.1271,0.9,0.85,-1.0,0.000586,-0.000586,-1.0,-0.00067345,0.00034379,-2.36e-06,1.4
-0.8732,-0.127,0.9,0.85,-1.0,0.000651,-0.000651,-1.0,-0.00063908,0.00034356,-2.29e-06,1.5
-0.9732,-0.1269,0.9,0.85,-1.0,0.000714,-0.000714,-1.0,-0.00060474,0.00034333,-1.32e-05,1.6
-1.0732,-0.1269,0.9,0.85,-1.0,0.000772,-0.000772,-1.0,-0.00057042,0.00034092,-4.029e-05,1.7
-1.1732,-0.1268,0.9,0.85,-1.0,0.000828,-0.000828,-1.0,-0.00053656,0.00033528,-1.918e-05,1.8
-1.2732,-0.1267,0.9,0.85,-1.0,0.00088,-0.00088,-1.0,-0.00050336,0.00033709,7.103e-05,1.9
-1.3732,-0.1266,0.9,0.85,-1.0,0.000928,-0.000928,-1.0,-0.00046914,0.00034948,8.239e-05,2.0
-1.4732,-0.1265,0.9,0.85,-1.0,0.000974,-0.000974,-1.0,-0.00043347,0.00035356,-1.639e-05,2.1
-1.5732,-0.1264,0.9,0.85,-0.999999,0.001015,-0.001015,-0.999999,-0.00039843,0.0003462,-5.822e-05,2.2
-1.6732,-0.1263,0.9,0.85,-0.999999,0.001053,-0.001053,-0.999999,-0.00036423,0.00034192,-2.227e-05,2.3
-1.7732,-0.1262,0.9,0.85,-0.999999,0.001088,-0.001088,-0.999999,-0.00033004,0.00034175,-1.66e-06,2.4
-1.8732,-0.1261,0.9,0.85,-0.999999,0.001119,-0.001119,-0.999999,-0.00029588,0.00034159,-1.59e-06,2.5
-1.9732,-0.126,0.9,0.85,-0.999999,0.001147,-0.001147,-0.999999,-0.00026172,0.00034143,-2.6e-06,2.6
-2.0732,-0.1259,0.9,0.85,-0.999999,0.001172,-0.001172,-0.999999,-0.00022759,0.00034107,-8.04e-06,2.7
-2.1732,-0.1258,0.9,0.85,-0.999999,0.001193,-0.001193,-0.999999,-0.00019351,0.00033982,-5.02e-06,2.8
-2.2732,-0.1256,0.9,0.85,-0.999999,0.00121,-0.00121,-0.999999,-0.00015962,0.00034007,1.993e-05,2.9
-2.3732,-0.1255,0.9,0.85,-0.999999,0.001225,-0.001225,-0.999999,-0.0001255,0.00034381,2.589e-05,3.0
-2.4732,-0.1254,0.9,0.85,-0.999999,0.001235,-0.001235,-0.999999,-9.086e-05,0.00034524,-7.3e-06,3.1
-2.5732,-0.1253,0.9,0.85,-0.999999,0.001243,-0.001243,-0.999999,-5.645e-05,0.00034235,-2.363e-05,3.2
-2.6732,-0.1251,0.9,0.85,-0.999999,0.001247,-0.001247,-0.999999,-2.239e-05,0.00034052,-9.66e-06,3.3
-2.7732,-0.125,0.9,0.85,-0.999999,0.001247,-0.001247,-0.999999,1.165e-05,0.00034042,-9.6e-07,3.4
-2.8732,-0.1249,0.9,0.85,-0.999999,0.001244,-0.001244,-0.999999,4.569e-05,0.00034032,-9e-07,3.5
-2.9732,-0.1248,0.9,0.85,-0.999999,0.001238,-0.001238,-0.999999,7.972e-05,0.00034024,-8.3e-07,3.6
-3.0732,-0.1246,0.9,0.85,-0.999999,0.001228,-0.001228,-0.999999,0.00011374,0.00034016,1.016e-05,3.7
-3.1732,-0.1245,0.9,0.85,-0.999999,0.001215,-0.001215,-0.999999,0.00014775,0.00034227,2.92e-05,3.8
-3.2732,-0.1244,0.9,0.85,-0.999999,0.001199,-0.001199,-0.999999,0.00018219,0.000346,8.62e-06,3.9
-3.3732,-0.1243,0.9,0.85,-0.999999,0.001179,-0.001179,-0.999999,0.00021695,0.00034399,-4.007e-05,4.0
-3.4732,-0.1242,0.9,0.85,-0.999999,0.001155,-0.001155,-0.999999,0.00025099,0.00033798,-3.546e-05,4.1
-3.5732,-0.124,0.9,0.85,-0.999999,0.001129,-0.001129,-0.999999,0.00028455,0.0003369,5.2e-06,4.2
-3.6732,-0.1239,0.9,0.85,-0.999999,0.001099,-0.001099,-0.999999,0.00031837,0.00033903,1.442e-05,4.3
-3.7732,-0.1238,0.9,0.85,-0.999999,0.001065,-0.001065,-0.999999,0.00035235,0.00033979,3.69e-06,4.4
-3.8732,-0.1237,0.9,0.85,-0.999999,0.001028,-0.001028,-0.999999,0.00038633,0.00033976,-2.1e-07,4.5
-3.9732,-0.1236,0.9,0.85,-1.0,0.000988,-0.000988,-1.0,0.0004203,0.00033975,-1.4e-07,4.6
-4.0732,-0.1235,0.9,0.85,-1.0,0.000944,-0.000944,-1.0,0.00045428,0.00033974,5.07e-06,4.7
-4.1732,-0.1234,0.9,0.85,-1.0,0.000897,-0.000897,-1.0,0.00048825,0.00034076,4.382e-05,4.8
-4.2732,-0.1233,0.9,0.85,-1.0,0.000846,-0.000846,-1.0,0.00052243,0.0003485,6.608e-05,4.9
-4.3732,-0.1233,0.9,0.85,-1.0,0.000792,-0.000792,-1.0,0.00055795,0.00035397,-4.18e-05,5.0
-4.4732,-0.1232,0.9,0.85,-1.0,0.000735,-0.000735,-1.0,0.00059322,0.00034014,-0.00013102,5.1
-4.5732,-0.1231,0.9,0.85,-1.0,0.000674,-0.000674,-1.0,0.00062598,0.00032777,-3.11e-05,5.2
-4.6732,-0.1231,0.9,0.85,-1.0,0.00061,-0.00061,-1.0,0.00065878,0.00033392,6.042e-05,5.3
-4.7732,-0.123,0.9,0.85,-1.0,0.000542,-0.000542,-1.0,0.00069276,0.00033986,2.991e-05,5.4
-4.8732,-0.1229,0.9,0.85,-1.0,0.000471,-0.000471,-1.0,0.00072675,0.0003399,4.8e-07,5.5
-4.9732,-0.1229,0.9,0.85,-1.0,0.000397,-0.000397,-1.0,0.00076074,0.00033995,5.5e-07,5.6
-5.0732,-0.1229,0.9,0.85,-1.0,0.000319,-0.000319,-1.0,0.00079474,0.00034001,6.2e-07,5.7
-5.1732,-0.1228,0.9,0.85,-1.0,0.000238,-0.000238,-1.0,0.00082874,0.00034008,3.172e-05,5.8
-5.2732,-0.1228,0.9,0.85,-1.0,0.000153,-0.000153,-1.0,0.00086276,0.00034635,9.426e-05,5.9
-5.3732,-0.1228,0.9,0.85,-1.0,6.5e-05,-6.5e-05,-1.0,0.00089802,0.00035893,3.676e-05,6.0
-5.4732,-0.1228,0.9,0.85,-1.0,-2.6e-05,2.6e-05,-1.0,0.00093454,0.00035371,-0.00014241,6.1
-5.5732,-0.1228,0.9,0.85,-1.0,-0.000122,0.000122,-1.0,0.00096876,0.00033045,-0.00014764,6.2
-5.6732,-0.1228,0.9,0.85,-1.0,-0.00022,0.00022,-1.0,0.00100063,0.00032418,2.351e-05,6.3
-5.7732,-0.1229,0.9,0.85,-1.0,-0.000322,0.000322,-1.0,0.00103359,0.00033515,8.277e-05,6.4
-5.8732,-0.1229,0.9,0.85,-1.0,-0.000427,0.000427,-1.0,0.00106766,0.00034073,2.852e-05,6.5
-5.9732,-0.1229,0.9,0.85,-1.0,-0.000535,0.000535,-1.0,0.00110174,0.00034085,1.23e-06,6.6
-6.0732,-0.123,0.9,0.85,-1.0,-0.000647,0.000647,-1.0,0.00113583,0.00034098,1.3e-06,6.7
-6.1732,-0.1231,0.9,0.85,-1.0,-0.000763,0.000763,-1.0,0.00116994,0.00034111,1.37e-06,6.8
-6.2732,-0.1232,0.9,0.85,-1.0,-0.000881,0.000881,-1.0,0.00120405,0.00034125,7.885e-05,6.9
-6.3732,-0.1232,0.9,0.85,-0.999999,-0.001003,0.001003,-0.999999,0.00123819,0.00035688,0.00016597,7.0
-6.4732,-0.1234,0.9,0.85,-0.999999,-0.001129,0.001129,-0.999999,0.00127543,0.00037445,-5.234e-05,7.1
-6.5732,-0.1235,0.9,0.85,-0.999999,-0.001258,0.001258,-0.999999,0.00131308,0.00034642,-0.00030503,7.2
-6.6732,-0.1236,0.9,0.85,-0.999999,-0.001392,0.001392,-0.999999,0.00134471,0.00031344,-0.00010584,7.3
-6.7732,-0.1238,0.9,0.85,-0.999999,-0.001527,0.001527,-0.999999,0.00137576,0.00032525,0.00013862,7.4
-6.8732,-0.1239,0.9,0.85,-0.999999,-0.001667,0.001667,-0.999999,0.00140976,0.00034117,8.599e-05,7.5
-6.9732,-0.1241,0.9,0.85,-0.999998,-0.001809,0.001809,-0.999998,0.001444,0.00034245,7.37e-06,7.6
-7.0732,-0.1243,0.9,0.85,-0.999998,-0.001955,0.001955,-0.999998,0.00147825,0.00034264,-3.464e-05,7.7
-7.1732,-0.1245,0.9,0.85,-0.999998,-0.002105,0.002105,-0.999998,0.00151253,0.00033552,-0.00106164,7.8
-7.2732,-0.1247,0.9,0.85,-0.999997,-0.002258,0.002258,-0.999997,0.00154536,0.00013031,-0.00491382,7.9
-7.3732,-0.1249,0.9,0.85,-0.999997,-0.002414,0.002414,-0.999997,0.00153859,-0.00064724,-0.0098733,8.0
-7.4732,-0.1252,0.9,0.85,-0.999997,-0.002566,0.002566,-0.999997,0.00141591,-0.00184435,-0.01035235,8.1
-7.5732,-0.1254,0.9,0.85,-0.999996,-0.002697,0.002697,-0.999996,0.00116972,-0.00271771,-0.00576244,8.2
-7.6732,-0.1257,0.9,0.85,-0.999996,-0.0028,0.0028,-0.999996,0.00087236,-0.00299683,-0.00145433,8.3
-7.7732,-0.126,0.9,0.85,-0.999996,-0.002872,0.002872,-0.999996,0.00057035,-0.00300858,3.493e-05,8.4
-7.8732,-0.1263,0.9,0.85,-0.999996,-0.002914,0.002914,-0.999996,0.00027065,-0.00298985,0.00012466,8.5
-7.9732,-0.1266,0.9,0.85,-0.999996,-0.002926,0.002926,-0.999996,-2.762e-05,-0.00298365,2.02e-05,8.6
-8.0732,-0.1269,0.9,0.85,-0.999996,-0.002908,0.002908,-0.999996,-0.00032608,-0.00298581,-2.339e-05,8.7
-8.1732,-0.1272,0.9,0.85,-0.999996,-0.002861,0.002861,-0.999996,-0.00062478,-0.00298833,-2.694e-05,8.8
-8.2732,-0.1274,0.9,0.85,-0.999996,-0.002783,0.002783,-0.999996,-0.00092375,-0.0029912,-6.522e-05,8.9
-8.3732,-0.1277,0.9,0.85,-0.999996,-0.002676,0.002676,-0.999996,-0.00122302,-0.00300137,-0.00023226,9.0
-8.4732,-0.128,0.9,0.85,-0.999997,-0.002539,0.002539,-0.999997,-0.00152402,-0.00303765,-0.00029988,9.1
-8.5732,-0.1282,0.9,0.85,-0.999997,-0.002371,0.002371,-0.999997,-0.00183055,-0.00306134,0.00010764,9.2
-8.6732,-0.1285,0.9,0.85,-0.999998,-0.002173,0.002173,-0.999998,-0.00213629,-0.00301612,0.00042414,9.3
-8.7732,-0.1287,0.9,0.85,-0.999998,-0.001944,0.001944,-0.999998,-0.00243377,-0.00297652,8.675e-05,9.4
-8.8732,-0.1288,0.9,0.85,-0.999999,-0.001686,0.001686,-0.999999,-0.00273159,-0.00299877,-0.00022821,9.5
-8.9732,-0.129,0.9,0.85,-0.999999,-0.001398,0.001398,-0.999999,-0.00303353,-0.00302216,-0.00014585,9.6
-9.0732,-0.1291,0.9,0.85,-0.999999,-0.001079,0.001079,-0.999999,-0.00333602,-0.00302794,-5.966e-05,9.7
-9.1732,-0.1292,0.9,0.85,-1.0,-0.00073,0.00073,-1.0,-0.00363912,-0.00303409,-6.325e-05,9.8
-9.2732,-0.1293,0.9,0.85,-1.0,-0.000351,0.000351,-1.0,-0.00394284,-0.00304059,-0.00030247,9.9
-9.3732,-0.1293,0.9,0.85,-1.0,5.8e-05,-5.8e-05,-1.0,-0.00424723,-0.00309458,-0.00070645,10.0
-9.4732,-0.1293,0.9,0.85,-1.0,0.000498,-0.000498,-1.0,-0.00456176,-0.00318188,-0.00021366,10.1
-9.5732,-0.1292,0.9,0.85,-1.0,0.000971,-0.000971,-1.0,-0.00488361,-0.00313732,0.00089161,10.2
-9.6732,-0.1291,0.9,0.85,-0.999999,0.001475,-0.001475,-0.999999,-0.00518922,-0.00300356,0.00071866,10.3
-9.7732,-0.1289,0.9,0.85,-0.999998,0.002008,-0.002008,-0.999998,-0.00548432,-0.00299358,-0.00030494,10.4
-9.8732,-0.1287,0.9,0.85,-0.999997,0.002572,-0.002572,-0.999997,-0.00578794,-0.00306455,-0.00052003,10.5
-9.9732,-0.1284,0.9,0.85,-0.999995,0.003166,-0.003166,-0.999995,-0.00609723,-0.00309759,-0.00021239,10.6
-10.0732,-0.128,0.9,0.85,-0.999993,0.003791,-0.003791,-0.999993,-0.00640746,-0.00310703,-9.617e-05,10.7
-10.1732,-0.1276,0.9,0.85,-0.99999,0.004447,-0.004447,-0.99999,-0.00671864,-0.00311682,-0.00060425,10.8
-10.2732,-0.1271,0.9,0.85,-0.999987,0.005135,-0.005135,-0.999987,-0.00703082,-0.00322788,-0.00126795,10.9
-10.3732,-0.1266,0.9,0.85,-0.999983,0.005854,-0.005854,-0.999983,-0.00736421,-0.00337041,3.211e-05,11.0
-10.4732,-0.126,0.9,0.85,-0.999978,0.006608,-0.006608,-0.999978,-0.0077049,-0.00322145,0.00189934,11.1
-10.5732,-0.1253,0.9,0.85,-0.999973,0.007395,-0.007395,-0.999973,-0.00800851,-0.00299055,0.00089997,11.2
-10.6732,-0.1245,0.9,0.85,-0.999966,0.008209,-0.008209,-0.999966,-0.00830301,-0.00304146,-0.0008695,11.3
-10.7732,-0.1236,0.9,0.85,-0.999959,0.009055,-0.009055,-0.999959,-0.0086168,-0.00316444,-0.00077919,11.4
-10.8732,-0.1227,0.9,0.85,-0.999951,0.009933,-0.009933,-0.999951,-0.0089359,-0.0031973,-0.00022782,11.5
-10.9732,-0.1216,0.9,0.85,-0.999941,0.010842,-0.010842,-0.999941,-0.00925626,-0.00321001,-0.00083903,11.6
-11.0732,-0.1205,0.9,0.85,-0.999931,0.011784,-0.011784,-0.999931,-0.0095779,-0.00336511,0.00269401,11.7
-11.1731,-0.1193,0.9,0.85,-0.999919,0.012758,-0.012758,-0.999919,-0.00992928,-0.00267121,0.07854962,11.8
-11.2731,-0.118,0.9,0.85,-0.999905,0.01377,-0.01377,-0.999905,-0.01011214,0.01234482,0.31983234,11.9
-11.3731,-0.1165,0.9,0.85,-0.999891,0.01478,-0.01478,-0.999891,-0.00746031,0.06129526,0.57392125,12.0
-11.4731,-0.115,0.9,0.85,-0.999884,0.015261,-0.015261,-0.999884,0.00214691,0.12712907,0.52786235,12.1
-11.5731,-0.1135,0.9,0.85,-0.999897,0.014351,-0.014351,-0.999897,0.0179655,0.16686773,0.22954576,12.2
-11.6731,-0.1121,0.9,0.85,-0.999932,0.011669,-0.011669,-0.999932,0.03552046,0.17303822,-0.00191042,12.3
-11.7731,-0.1111,0.9,0.85,-0.999974,0.007247,-0.007247,-0.999974,0.05257314,0.16648565,-0.07876946,12.4
-11.8731,-0.1107,0.9,0.85,-0.999999,0.001154,-0.001154,-0.999999,0.06881758,0.15728433,-0.10260887,12.5
-11.9731,-0.1109,0.9,0.85,-0.999979,-0.006517,0.006517,-0.999979,0.08403001,0.14596387,-0.12249489,12.6
-12.0731,-0.112,0.9,0.85,-0.999878,-0.015651,0.015651,-0.999878,0.09801036,0.13278535,-0.14910517,12.7
-12.1731,-0.114,0.9,0.85,-0.999659,-0.026116,0.026116,-0.999659,0.11058708,0.11614284,-0.39614694,12.8
-12.273,-0.1172,0.9,0.85,-0.999287,-0.03776,0.03776,-0.999287,0.12123893,0.05355596,-1.2369761,12.9
-12.3729,-0.1216,0.9,0.85,-0.998732,-0.050345,0.050345,-0.998732,0.12129827,-0.13125238,-2.21500887,13.0
-12.4728,-0.1273,0.9,0.85,-0.998077,-0.061989,0.061989,-0.998077,0.09498845,-0.38944581,-2.14362246,13.1
-12.5725,-0.134,0.9,0.85,-0.997595,-0.069309,0.069309,-0.997595,0.04340911,-0.55997687,-1.1479553,13.2
-12.6723,-0.1411,0.9,0.85,-0.997501,-0.070652,0.070652,-0.997501,-0.01700692,-0.61903687,-0.56652397,13.3
-12.772,-0.1481,0.925,0.825,-0.997825,-0.065915,0.065915,-0.997825,-0.08039826,-0.67328167,-0.83547199,13.4
-12.8718,-0.1543,0.95,5.398,-0.998508,-0.054603,0.054603,-0.998508,-0.15166326,-0.78613127,-1.52877032,13.5
-12.9717,-0.159,0.95,9.7,-0.999365,-0.035622,0.035622,-0.999365,-0.23762452,-0.97903573,-2.68504824,13.6
-13.0717,-0.1614,0.95,9.7,-0.999975,-0.007103,0.007103,-0.999975,-0.3474704,-1.32314091,-4.73423052,13.7
-13.1717,-0.1605,0.95,9.7,-0.999426,0.033865,-0.033865,-0.999426,-0.5022527,-1.92588183,-8.23392201,13.8
-13.2715,-0.1547,0.95,9.7,-0.995644,0.093237,-0.093237,-0.995644,-0.73264677,-2.96992532,-13.96591261,13.9
-13.3706,-0.1418,0.95,9.7,-0.983758,0.179501,-0.179501,-0.983758,-1.09623776,-4.71906435,-18.41350266,14.0
-13.4679,-0.1188,0.95,9.7,-0.951422,0.307891,-0.307891,-0.951422,-1.67645964,-6.65262585,-8.50590927,14.1
-13.56,-0.0805,0.961,6.593,-0.869377,0.494149,-0.494149,-0.869377,-2.42676293,-6.42024621,25.69042356,14.2
-13.6399,-0.021,0.82,15.476,-0.697372,0.716709,-0.716709,-0.697372,-2.96050888,-1.51454114,59.21225078,14.3
-13.6972,0.0604,0.8,24.35,-0.449168,0.893447,-0.893447,-0.449168,-2.72967116,5.42220395,49.43757051,14.4
-13.7285,0.1551,0.8,24.35,-0.226013,0.974124,-0.974124,-0.226013,-1.87606809,8.37297297,6.39868602,14.5
-13.7421,0.2541,0.8,24.35,-0.088652,0.996063,-0.996063,-0.088652,-1.05507657,6.70194115,-21.19815507,14.6
-13.7462,0.354,0.8,24.35,-0.01629,0.999867,-0.999867,-0.01629,-0.53567986,4.13334195,-21.38831393,14.7
-13.7454,0.4539,0.8,24.35,0.018467,0.999829,-0.999829,0.018467,-0.22840817,2.42427837,-14.50837038,14.8
-13.7425,0.5539,0.8,24.35,0.029402,0.999568,-0.999568,0.029402,-0.05082419,1.23166788,-10.16511469,14.9
-13.7395,0.6539,0.8,24.35,0.02863,0.99959,-0.99959,0.02863,0.0179254,0.39125543,-5.9573391,15.0
-13.7368,0.7538,0.8,0.85,0.025818,0.999667,-0.999667,0.025818,0.0274269,0.04020006,-2.03151847,15.1
-13.7343,0.8538,0.8,0.85,0.023146,0.999732,-0.999732,0.023146,0.02596541,-0.01504827,-0.27940722,15.2
-13.7321,0.9538,0.8,0.85,0.020626,0.999787,-0.999787,0.020626,0.02441724,-0.01568139,-0.00510287,15.3
-13.7302,1.0538,0.8,0.85,0.018264,0.999833,-0.999833,0.018264,0.02282913,-0.01606884,-0.00375208,15.4
-13.7285,1.1537,0.8,0.85,0.016061,0.999871,-0.999871,0.016061,0.02120348,-0.0164318,-0.00350235,15.5
-13.727,1.2537,0.8,0.85,0.014023,0.999902,-0.999902,0.014023,0.01954277,-0.01676931,-0.0022326,15.6
-13.7257,1.3537,0.8,0.85,0.012153,0.999926,-0.999926,0.012153,0.01784961,-0.01687832,0.00462708,15.7
-13.7246,1.4537,0.8,0.85,0.010454,0.999945,-0.999945,0.010454,0.01616711,-0.01584389,0.01986294,15.8
-13.7236,1.5537,0.8,0.85,0.00892,0.99996,-0.99996,0.00892,0.01468084,-0.01290574,0.03231263,15.9
-13.7228,1.6537,0.8,0.85,0.007518,0.999972,-0.999972,0.007518,0.01358596,-0.00938137,0.02789812,16.0
-13.7221,1.7537,0.8,0.85,0.006203,0.999981,-0.999981,0.006203,0.01280456,-0.00732611,0.0127732,16.1
-13.7215,1.8537,0.8,0.85,0.004957,0.999988,-0.999988,0.004957,0.01212074,-0.00682673,0.00239848,16.2
-13.7211,1.9537,0.8,0.85,0.003779,0.999993,-0.999993,0.003779,0.01143922,-0.00684641,-0.00040618,16.3
-13.7208,2.0537,0.8,0.85,0.002669,0.999996,-0.999996,0.002669,0.01075146,-0.00690796,-0.0006066,16.4
-13.7206,2.1537,0.8,0.85,0.001628,0.999999,-0.999999,0.001628,0.01005763,-0.00696774,-0.00058879,16.5
-13.7205,2.2537,0.8,0.85,0.000658,1.0,-1.0,0.000658,0.00935791,-0.00702572,-0.00053073,16.6
-13.7204,2.3537,0.8,0.85,-0.000243,1.0,-1.0,-0.000243,0.00865248,-0.00707388,-8.856e-05,16.7
-13.7205,2.4537,0.8,0.85,-0.001073,0.999999,-0.999999,-0.001073,0.00794313,-0.00704343,9.79e-05,16.8
-13.7206,2.5537,0.8,0.85,-0.001832,0.999998,-0.999998,-0.001832,0.0072438,-0.0070543,-0.00135152,16.9
-13.7209,2.6537,0.8,0.85,-0.002522,0.999997,-0.999997,-0.002522,0.00653227,-0.00731374,-0.00228307,17.0
-13.7212,2.7537,0.8,0.85,-0.003138,0.999995,-0.999995,-0.003138,0.00578105,-0.00751092,-0.000619,17.1
-13.7215,2.8537,0.8,0.85,-0.003678,0.999993,-0.999993,-0.003678,0.00503009,-0.00743754,0.00061775,17.2
-13.7219,2.9537,0.8,0.85,-0.004144,0.999991,-0.999991,-0.004144,0.00429354,-0.00738737,3.683e-05,17.3
-13.7223,3.0537,0.8,0.85,-0.004537,0.99999,-0.99999,-0.004537,0.00355262,-0.00743017,-0.00041531,17.4
-13.7228,3.1537,0.8,0.85,-0.004855,0.999988,-0.999988,-0.004855,0.00280751,-0.00747043,-0.00041611,17.5
-13.7233,3.2537,0.8,0.85,-0.005098,0.999987,-0.999987,-0.005098,0.00205853,-0.00751339,-0.00055745,17.6
-13.7238,3.3537,0.8,0.85,-0.005266,0.999986,-0.999986,-0.005266,0.00130483,-0.00758192,-0.0007372,17.7
-13.7243,3.4537,0.8,0.85,-0.005359,0.999986,-0.999986,-0.005359,0.00054215,-0.00766083,-0.00051899,17.8
-13.7249,3.5537,0.809,1.9,-0.005375,0.999986,-0.999986,-0.005375,-0.00022734,-0.00768572,-5.06e-05,17.9
-13.7254,3.6537,1.6,1.9,-0.005314,0.999986,-0.999986,-0.005314,-0.000995,-0.00767095,3.357e-05,18.0
-13.7259,3.7537,1.6,1.9,-0.005176,0.999987,-0.999987,-0.005176,-0.00176153,-0.007679,-0.00021668,18.1
-13.7265,3.8537,1.6,1.9,-0.004961,0.999988,-0.999988,-0.004961,-0.0025308,-0.00771429,-0.00084029,18.2
-13.7269,3.9537,1.6,1.9,-0.00467,0.999989,-0.999989,-0.00467,-0.00330439,-0.00784706,-0.00133068,18.3
-13.7274,4.0537,1.6,1.9,-0.0043,0.999991,-0.999991,-0.0043,-0.00410021,-0.00798042,2.13e-05,18.4
-13.7278,4.1537,1.6,1.9,-0.00385,0.999993,-0.999993,-0.00385,-0.00490047,-0.0078428,0.00154565,18.5
-13.7282,4.2537,1.741,1.804,-0.00332,0.999994,-0.999994,-0.00332,-0.00566877,-0.00767129,0.00052923,18.6
-13.7285,4.3537,1.735,1.72,-0.002716,0.999996,-0.999996,-0.002716,-0.00643473,-0.00773695,-0.00074412,18.7
-13.7287,4.4537,1.6,1.9,-0.002033,0.999998,-0.999998,-0.002033,-0.00721616,-0.00782012,-0.00117858,18.8
-13.7289,4.5537,1.6,1.9,-0.001273,0.999999,-0.999999,-0.001273,-0.00799875,-0.00797267,-0.00197799,18.9
-13.729,4.6537,1.6,1.9,-0.000434,1.0,-1.0,-0.000434,-0.00881069,-0.00821572,-0.00044523,19.0
-13.729,4.7537,1.6,1.9,0.000489,1.0,-1.0,0.000489,-0.0096419,-0.00806172,0.00278624,19.1
-13.7289,4.8537,1.6,1.9,0.001495,0.999999,-0.999999,0.001495,-0.01042304,-0.00765847,0.00222844,19.2
-13.7287,4.9537,1.6,1.9,0.002574,0.999997,-0.999997,0.002574,-0.01117359,-0.00761603,-0.00063938,19.3
-13.7283,5.0537,1.6,1.9,0.003729,0.999993,-0.999993,0.003729,-0.01194624,-0.00778634,-0.0020105,19.4
-13.7279,5.1537,0.8,0.94,0.004963,0.999988,-0.999988,0.004963,-0.01273086,-0.00801813,-0.00280962,19.5
-13.7274,5.2537,0.8,0.9,0.006276,0.99998,-0.99998,0.006276,-0.01354987,-0.00834827,0.00289593,19.6
-13.7267,5.3537,0.8,0.9,0.007673,0.999971,-0.999971,0.007673,-0.01440051,-0.00743894,0.04278787,19.7
-13.7258,5.4537,0.8,0.9,0.009156,0.999958,-0.999958,0.009156,-0.01503766,0.00020931,0.13317606,19.8
-13.7248,5.5537,0.8,0.9,0.010681,0.999943,-0.999943,0.010681,-0.01435865,0.01919627,0.20246278,19.9
-13.7237,5.6537,0.8,0.9,0.012027,0.999928,-0.999928,0.012027,-0.0111984,0.04070186,0.16435333,20.0
-13.7224,5.7537,0.8,0.9,0.01292,0.999917,-0.999917,0.01292,-0.00621828,0.05206694,0.0685547,20.1
-13.7211,5.8536,0.8,0.9,0.013271,0.999912,-0.999912,0.013271,-0.00078501,0.0544128,0.01064874,20.2
-13.7198,5.9536,0.8,0.9,0.013077,0.999914,-0.999914,0.013077,0.00466428,0.05419668,-0.00628735,20.3
-13.7185,6.0536,0.8,0.9,0.012338,0.999924,-0.999924,0.012338,0.01005432,0.05315533,-0.01222306,20.4
-13.7173,6.1536,0.8,0.9,0.011066,0.999939,-0.999939,0.011066,0.01529535,0.05175207,-0.01328568,20.5
-13.7163,6.2536,0.8,0.9,0.009279,0.999957,-0.999957,0.009279,0.02040474,0.05049819,-0.01300222,20.6
-13.7154,6.3536,0.8,0.9,0.006986,0.999976,-0.999976,0.006986,0.02539499,0.04915163,-0.01472218,20.7
-13.7149,6.4536,0.8,0.9,0.0042,0.999991,-0.999991,0.0042,0.03023506,0.04755376,-0.01690816,20.8
-13.7146,6.5536,0.8,0.9,0.000939,1.0,-1.0,0.000939,0.03490574,0.04577,-0.01870015,20.9
-13.7147,6.6536,0.8,0.9,-0.002781,0.999996,-0.999996,-0.002781,0.03938906,0.04381373,-0.02035296,21.0
-13.7152,6.7536,0.8,0.9,-0.006939,0.999976,-0.999976,-0.006939,0.04366848,0.04169941,-0.02185632,21.1
-13.7161,6.8536,0.8,0.9,-0.011514,0.999934,-0.999934,-0.011514,0.04772894,0.03944246,-0.02320103,21.2
-13.7175,6.9536,0.8,0.9,-0.016484,0.999864,-0.999864,-0.016484,0.05155698,0.0370592,-0.0243791,21.3
-13.7194,7.0536,0.8,0.9,-0.021824,0.999762,-0.999762,-0.021824,0.05514078,0.03456664,-0.02538384,21.4
-13.7218,7.1535,0.8,0.9,-0.02751,0.999622,-0.999622,-0.02751,0.0584703,0.03198243,-0.02621007,21.5
-13.7249,7.2535,0.8,0.9,-0.033514,0.999438,-0.999438,-0.033514,0.06153727,0.02932463,-0.05390546,21.6
-13.7285,7.3534,0.8,0.9,-0.03981,0.999207,-0.999207,-0.03981,0.06433523,0.02120134,-0.44657338,21.7
-13.7328,7.4533,0.8,0.9,-0.046371,0.998924,-0.998924,-0.046371,0.06577754,-0.05999005,-1.66761263,21.8
-13.7378,7.5532,0.8,0.9,-0.052951,0.998597,-0.998597,-0.052951,0.05233722,-0.31232119,-2.99519913,21.9
-13.7434,7.6531,0.8,0.9,-0.056824,0.998384,-0.998384,-0.056824,0.0033133,-0.65902987,-3.06137443,22.0
-13.7492,7.7529,0.8,0.9,-0.053613,0.998562,-0.998562,-0.053613,-0.07946875,-0.92459607,-2.35356072,22.1
-13.7541,7.8528,0.8,12.459,-0.040949,0.999161,-0.999161,-0.040949,-0.18160591,-1.12974202,-2.51654732,22.2
-13.7574,7.9527,0.8,24.3,-0.017314,0.99985,-0.99985,-0.017314,-0.30541716,-1.42790554,-4.34738411,22.3
-13.7576,8.0527,0.8,24.3,0.020129,0.999797,-0.999797,0.020129,-0.46718702,-1.99921884,-7.92414471,22.4
-13.7533,8.1526,0.8,24.3,0.076068,0.997103,-0.997103,0.076068,-0.70526092,-3.01273448,-12.63712003,22.5
-13.7424,8.252,0.8,24.3,0.160573,0.987024,-0.987024,0.160573,-1.06973392,-4.52664284,-14.85420197,22.6
-13.7213,8.3496,0.8,24.3,0.286312,0.958137,-0.958137,0.286312,-1.61058949,-5.98357487,-2.59522545,22.7
-13.6854,8.4428,0.8,24.3,0.465596,0.884997,-0.884997,0.465596,-2.26644889,-5.04568793,28.79448083,22.8
-13.629,8.525,0.8,24.3,0.676935,0.736043,-0.736043,0.676935,-2.61972708,-0.22467871,48.45846795,22.9
-13.5518,8.588,0.938,1.8,0.84415,0.536107,-0.536107,0.84415,-2.31138463,4.64600566,30.1461796,23.0
-13.4618,8.6312,0.9,9.75,0.934143,0.356899,-0.356899,0.934143,-1.69052595,5.80455721,-0.14932407,23.1
-13.3658,8.6591,0.9,9.75,0.974382,0.2249,-0.2249,0.974382,-1.15047319,4.61614084,-13.03065957,23.2
-13.2673,8.6761,0.9,9.75,0.990964,0.134131,-0.134131,0.990964,-0.76729778,3.1984253,-12.16089927,23.3
-13.1678,8.6859,0.9,9.75,0.997317,0.073206,-0.073206,0.997317,-0.51078813,2.18396099,-7.97501745,23.4
-13.068,8.6907,0.9,9.75,0.999477,0.032348,-0.032348,0.999477,-0.33050558,1.60342181,-4.74115485,23.5
-12.968,8.6923,0.9,9.75,0.999974,0.00716,-0.00716,0.999974,-0.19010377,1.23573002,-3.75250311,23.6
-12.868,8.6921,0.9,9.75,0.999984,-0.005671,0.005671,0.999984,-0.08335958,0.85292119,-4.06624575,23.7
-12.768,8.6912,0.866,2.336,0.999955,-0.009512,0.009512,0.999955,-0.01951953,0.42248087,-3.70464669,23.8
-12.668,8.6902,0.8,0.9,0.999954,-0.009574,0.009574,0.999954,0.0011366,0.11199185,-2.06970226,23.9
-12.568,8.6893,0.85,0.9,0.999957,-0.009285,0.009285,0.999957,0.00287884,0.00854042,-0.56167269,24.0
-12.468,8.6884,0.85,0.9,0.99996,-0.008999,0.008999,0.99996,0.00284468,-0.00034269,-0.04442677,24.1
-12.368,8.6875,0.85,0.9,0.999962,-0.008716,0.008716,0.999962,0.0028103,-0.00034494,-2.236e-05,24.2
-12.268,8.6866,0.85,0.9,0.999964,-0.008437,0.008437,0.999964,0.00277569,-0.00034716,-2.209e-05,24.3
-12.168,8.6858,0.85,0.9,0.999967,-0.008161,0.008161,0.999967,0.00274087,-0.00034936,-2.183e-05,24.4
-12.068,8.685,0.85,0.9,0.999969,-0.007888,0.007888,0.999969,0.00270582,-0.00035153,-1.05e-05,24.5
-11.968,8.6842,0.85,0.9,0.999971,-0.00762,0.00762,0.999971,0.00267056,-0.00035146,0.00010422,24.6
-11.868,8.6835,0.85,0.9,0.999973,-0.007354,0.007354,0.999973,0.00263553,-0.00033068,0.00017377,24.7
-11.768,8.6828,0.85,0.9,0.999975,-0.007093,0.007093,0.999975,0.00260442,-0.0003167,-0.00017132,24.8
-11.668,8.6821,0.85,0.9,0.999977,-0.006833,0.006833,0.999977,0.00257219,-0.00036495,-0.00044758,24.9
-11.568,8.6814,0.85,0.9,0.999978,-0.006578,0.006578,0.999978,0.00253144,-0.00040622,-0.00010053,25.0
-11.468,8.6808,0.85,0.9,0.99998,-0.006327,0.006327,0.99998,0.00249095,-0.00038505,0.00020015,25.1
-11.368,8.6801,0.85,0.9,0.999982,-0.00608,0.00608,0.999982,0.00245443,-0.00036619,8.463e-05,25.2
-11.268,8.6795,0.85,0.9,0.999983,-0.005836,0.005836,0.999983,0.00241771,-0.00036813,-1.922e-05,25.3
-11.168,8.679,0.85,0.9,0.999984,-0.005596,0.005596,0.999984,0.0023808,-0.00037003,-1.892e-05,25.4
-11.068,8.6784,0.85,0.9,0.999986,-0.00536,0.00536,0.999986,0.0023437,-0.00037191,-1.861e-05,25.5
-10.968,8.6779,0.85,0.9,0.999987,-0.005128,0.005128,0.999987,0.00230642,-0.00037375,-1.83e-05,25.6
-10.868,8.6774,0.85,0.9,0.999988,-0.004899,0.004899,0.999988,0.00226895,-0.00037557,-1.799e-05,25.7
-10.768,8.6769,0.85,0.9,0.999989,-0.004674,0.004674,0.999989,0.0022313,-0.00037735,-1.28e-05,25.8
-10.668,8.6765,0.85,0.9,0.99999,-0.004453,0.004453,0.99999,0.00219348,-0.00037813,0.00010226,25.9
-10.568,8.676,0.85,0.9,0.999991,-0.004235,0.004235,0.999991,0.00215568,-0.0003569,0.00019495,26.0
-10.468,8.6756,0.85,0.9,0.999992,-0.004022,0.004022,0.999992,0.0021221,-0.00033914,-0.00015488,26.1
-10.368,8.6752,0.85,0.9,0.999993,-0.003811,0.003811,0.999993,0.00208785,-0.00038788,-0.00046706,26.2
-10.268,8.6748,0.85,0.9,0.999993,-0.003604,0.003604,0.999993,0.00204453,-0.00043255,-0.00011118,26.3
-10.168,8.6745,0.85,0.9,0.999994,-0.003402,0.003402,0.999994,0.00200134,-0.00041011,0.00021708,26.4
-10.068,8.6742,0.85,0.9,0.999995,-0.003204,0.003204,0.999995,0.0019625,-0.00038913,9.73e-05,26.5
-9.968,8.6739,0.85,0.9,0.999995,-0.003009,0.003009,0.999995,0.00192351,-0.00039065,-1.499e-05,26.6
-9.868,8.6736,0.85,0.9,0.999996,-0.002819,0.002819,0.999996,0.00188437,-0.00039213,-1.465e-05,26.7
-9.768,8.6733,0.85,0.9,0.999997,-0.002632,0.002632,0.999997,0.00184509,-0.00039358,-1.43e-05,26.8
-9.668,8.673,0.85,0.9,0.999997,-0.00245,0.00245,0.999997,0.00180566,-0.00039499,-1.026e-05,26.9
-9.568,8.6728,0.85,0.9,0.999997,-0.002271,0.002271,0.999997,0.00176609,-0.00039563,9.121e-05,27.0
-9.468,8.6726,0.85,0.9,0.999998,-0.002097,0.002097,0.999998,0.00172653,-0.00037675,0.00017373,27.1
-9.368,8.6724,0.85,0.9,0.999998,-0.001926,0.001926,0.999998,0.00169074,-0.00036089,-0.00013775,27.2
-9.268,8.6722,0.85,0.9,0.999998,-0.001759,0.001759,0.999998,0.00165435,-0.0004043,-0.00041472,27.3
-9.168,8.672,0.85,0.9,0.999999,-0.001595,0.001595,0.999999,0.00160988,-0.00044383,-9.445e-05,27.4
-9.068,8.6719,0.85,0.9,0.999999,-0.001437,0.001437,0.999999,0.00156559,-0.00042319,0.00019892,27.5
-8.968,8.6717,0.85,0.9,0.999999,-0.001282,0.001282,0.999999,0.00152524,-0.00040405,9.011e-05,27.6
-8.868,8.6716,0.85,0.9,0.999999,-0.001132,0.001132,0.999999,0.00148478,-0.00040517,-1.104e-05,27.7
-8.768,8.6715,0.85,0.9,1.0,-0.000985,0.000985,1.0,0.00144421,-0.00040625,-1.067e-05,27.8
-8.668,8.6714,0.85,0.9,1.0,-0.000843,0.000843,1.0,0.00140353,-0.0004073,-9.09e-06,27.9
-8.568,8.6713,0.85,0.9,1.0,-0.000704,0.000704,1.0,0.00136275,-0.00040807,7.171e-05,28.0
-8.468,8.6713,0.85,0.9,1.0,-0.00057,0.00057,1.0,0.00132191,-0.00039296,0.00014262,28.1
-8.368,8.6712,0.85,0.9,1.0,-0.00044,0.00044,1.0,0.00128415,-0.00037955,-0.0001084,28.2
-8.268,8.6712,0.85,0.9,1.0,-0.000313,0.000313,1.0,0.00124601,-0.00041464,-0.00033717,28.3
-8.168,8.6712,0.85,0.9,1.0,-0.000191,0.000191,1.0,0.00120123,-0.00044698,-7.554e-05,28.4
-8.068,8.6712,0.85,0.9,1.0,-7.3e-05,7.3e-05,1.0,0.00115661,-0.00042975,0.00016643,28.5
-7.968,8.6712,0.85,0.9,1.0,4e-05,-4e-05,1.0,0.00111528,-0.0004137,7.655e-05,28.6
-7.868,8.6712,0.85,0.9,1.0,0.00015,-0.00015,1.0,0.00107387,-0.00041444,-7.23e-06,28.7
-7.768,8.6712,0.85,0.9,1.0,0.000255,-0.000255,1.0,0.00103239,-0.00041514,-6.85e-06,28.8
-7.668,8.6712,0.85,0.9,1.0,0.000356,-0.000356,1.0,0.00099084,-0.00041581,2.187e-05,28.9
-7.568,8.6713,0.85,0.9,1.0,0.000453,-0.000453,1.0,0.00094923,-0.00041077,7.518e-05,29.0
-7.468,8.6713,0.85,0.9,1.0,0.000546,-0.000546,1.0,0.00090869,-0.00040077,9.61e-06,29.1
-7.368,8.6714,0.85,0.9,1.0,0.000635,-0.000635,1.0,0.00086907,-0.00040885,-0.00015986,29.2
-7.268,8.6714,0.85,0.9,1.0,0.00072,-0.00072,1.0,0.00082692,-0.00043274,-0.00014278,29.3
-7.168,8.6715,0.85,0.9,1.0,0.000801,-0.000801,1.0,0.00078252,-0.0004374,3.845e-05,29.4
-7.068,8.6716,0.85,0.9,1.0,0.000877,-0.000877,1.0,0.00073944,-0.00042505,8.988e-05,29.5
-6.968,8.6717,0.85,0.9,1.0,0.000948,-0.000948,1.0,0.00069751,-0.00041943,2.64e-05,29.6
-6.868,8.6718,0.85,0.9,0.999999,0.001016,-0.001016,0.999999,0.00065555,-0.00041977,-3.3e-06,29.7
-6.768,8.6719,0.85,0.9,0.999999,0.00108,-0.00108,0.999999,0.00061356,-0.00042008,2.73e-06,29.8
-6.668,8.672,0.85,0.9,0.999999,0.001139,-0.001139,0.999999,0.00057154,-0.00041923,3.079e-05,29.9
-6.568,8.6721,0.85,0.9,0.999999,0.001194,-0.001194,0.999999,0.00052971,-0.00041393,3.06e-05,30.0
-6.468,8.6722,0.85,0.9,0.999999,0.001245,-0.001245,0.999999,0.00048875,-0.00041311,-6.339e-05,30.1
-6.368,8.6724,0.85,0.9,0.999999,0.001292,-0.001292,0.999999,0.00044709,-0.0004266,-0.00010647,30.2
-6.268,8.6725,0.85,0.9,0.999999,0.001334,-0.001334,0.999999,0.00040343,-0.0004344,-2.9e-07,30.3
-6.168,8.6726,0.85,0.9,0.999999,0.001372,-0.001372,0.999999,0.00036021,-0.00042666,6.627e-05,30.4
-6.068,8.6728,0.85,0.9,0.999999,0.001406,-0.001406,0.999999,0.0003181,-0.00042115,2.762e-05,30.5
-5.968,8.6729,0.85,0.9,0.999999,0.001436,-0.001436,0.999999,0.00027598,-0.00042114,3e-07,30.6
-5.868,8.6731,0.85,0.9,0.999999,0.001461,-0.001461,0.999999,0.00023387,-0.00042109,6.9e-07,30.7
-5.768,8.6732,0.85,0.9,0.999999,0.001483,-0.001483,0.999999,0.00019176,-0.000421,2.45e-06,30.8
-5.668,8.6734,0.85,0.9,0.999999,0.0015,-0.0015,0.999999,0.00014967,-0.0004206,-5.9e-07,30.9
-5.568,8.6735,0.85,0.9,0.999999,0.001513,-0.001513,0.999999,0.00010764,-0.00042112,-1.464e-05,31.0
-5.468,8.6737,0.85,0.9,0.999999,0.001521,-0.001521,0.999999,6.545e-05,-0.00042353,-1.5e-05,31.1
-5.368,8.6738,0.85,0.9,0.999999,0.001526,-0.001526,0.999999,2.294e-05,-0.00042412,9.54e-06,31.2
-5.268,8.674,0.85,0.9,0.999999,0.001526,-0.001526,0.999999,-1.938e-05,-0.00042162,2.188e-05,31.3
-5.168,8.6741,0.85,0.9,0.999999,0.001522,-0.001522,0.999999,-6.138e-05,-0.00041974,1.218e-05,31.4
-5.068,8.6743,0.85,0.9,0.999999,0.001514,-0.001514,0.999999,-0.00010333,-0.00041918,5.369e-05,31.5
-4.968,8.6744,0.85,0.9,0.999999,0.001501,-0.001501,0.999999,-0.00014522,-0.000409,0.00033421,31.6
-4.868,8.6746,0.85,0.9,0.999999,0.001485,-0.001485,0.999999,-0.00018513,-0.00035234,0.00086261,31.7
-4.768,8.6747,0.85,0.9,0.999999,0.001464,-0.001464,0.999999,-0.00021569,-0.00023648,0.00110347,31.8
-4.668,8.6749,0.85,0.9,0.999999,0.001441,-0.001441,0.999999,-0.00023242,-0.00013165,0.00073595,31.9
-4.568,8.675,0.85,0.9,0.999999,0.001418,-0.001418,0.999999,-0.00024202,-8.929e-05,0.00027224,32.0
-4.468,8.6751,0.85,0.9,0.999999,0.001393,-0.001393,0.999999,-0.00025028,-7.72e-05,8.565e-05,32.1
-4.368,8.6753,0.85,0.9,0.999999,0.001368,-0.001368,0.999999,-0.00025746,-7.216e-05,1.017e-05,32.2
-4.268,8.6754,0.85,0.9,0.999999,0.001342,-0.001342,0.999999,-0.00026471,-7.516e-05,-2.801e-05,32.3
-4.168,8.6756,0.85,0.9,0.999999,0.001315,-0.001315,0.999999,-0.00027249,-7.776e-05,-1.295e-05,32.4
-4.068,8.6757,0.85,0.9,0.999999,0.001287,-0.001287,0.999999,-0.00028027,-7.775e-05,8e-08,32.5
-3.968,8.6758,0.85,0.9,0.999999,0.001259,-0.001259,0.999999,-0.00028804,-7.775e-05,5e-08,32.6
-3.868,8.6759,0.85,0.9,0.999999,0.001229,-0.001229,0.999999,-0.00029582,-7.774e-05,-1.58e-06,32.7
-3.768,8.6761,0.85,0.9,0.999999,0.001199,-0.001199,0.999999,-0.00030359,-7.806e-05,-2.278e-05,32.8
-3.668,8.6762,0.85,0.9,0.999999,0.001169,-0.001169,0.999999,-0.00031143,-8.23e-05,-3.849e-05,32.9
-3.568,8.6763,0.85,0.9,0.999999,0.001137,-0.001137,0.999999,-0.00032005,-8.576e-05,2.318e-05,33.0
-3.468,8.6764,0.85,0.9,0.999999,0.001105,-0.001105,0.999999,-0.00032858,-7.766e-05,7.795e-05,33.1
-3.368,8.6765,0.85,0.9,0.999999,0.001071,-0.001071,0.999999,-0.00033558,-7.017e-05,1.799e-05,33.2
-3.268,8.6766,0.85,0.9,0.999999,0.001038,-0.001038,0.999999,-0.00034262,-7.407e-05,-3.827e-05,33.3
-3.168,8.6767,0.85,0.9,0.999999,0.001003,-0.001003,0.999999,-0.0003504,-7.782e-05,-1.892e-05,33.4
-3.068,8.6768,0.85,0.9,1.0,0.000967,-0.000967,1.0,-0.00035818,-7.785e-05,-2.8e-07,33.5
-2.968,8.6769,0.85,0.9,1.0,0.000931,-0.000931,1.0,-0.00036597,-7.788e-05,-3.2e-07,33.6
-2.868,8.677,0.85,0.9,1.0,0.000894,-0.000894,1.0,-0.00037376,-7.791e-05,-3.5e-07,33.7
-2.768,8.6771,0.85,0.9,1.0,0.000857,-0.000857,1.0,-0.00038155,-7.795e-05,-1.566e-05,33.8
-2.668,8.6772,0.85,0.9,1.0,0.000818,-0.000818,1.0,-0.00038935,-8.105e-05,-4.181e-05,33.9
-2.568,8.6773,0.85,0.9,1.0,0.000779,-0.000779,1.0,-0.00039776,-8.631e-05,-7.75e-06,34.0
-2.468,8.6773,0.85,0.9,1.0,0.000738,-0.000738,1.0,-0.00040661,-8.26e-05,6.875e-05,34.1
-2.368,8.6774,0.85,0.9,1.0,0.000697,-0.000697,1.0,-0.00041428,-7.256e-05,5.628e-05,34.2
-2.268,8.6775,0.85,0.9,1.0,0.000656,-0.000656,1.0,-0.00042112,-7.134e-05,-1.851e-05,34.3
-2.168,8.6775,0.85,0.9,1.0,0.000613,-0.000613,1.0,-0.00042855,-7.627e-05,-3.488e-05,34.4
-2.068,8.6776,0.85,0.9,1.0,0.00057,-0.00057,1.0,-0.00043638,-7.832e-05,-1.059e-05,34.5
-1.968,8.6776,0.85,0.9,1.0,0.000526,-0.000526,1.0,-0.00044421,-7.838e-05,-6.8e-07,34.6
-1.868,8.6777,0.85,0.9,1.0,0.000481,-0.000481,1.0,-0.00045205,-7.845e-05,-7.2e-07,34.7
-1.768,8.6777,0.85,0.9,1.0,0.000435,-0.000435,1.0,-0.0004599,-7.853e-05,-7.6e-07,34.8
-1.668,8.6778,0.85,0.9,1.0,0.000389,-0.000389,1.0,-0.00046776,-7.861e-05,-2.843e-05,34.9
-1.568,8.6778,0.85,0.9,1.0,0.000342,-0.000342,1.0,-0.00047562,-8.421e-05,-5.975e-05,35.0
-1.468,8.6779,0.85,0.9,1.0,0.000294,-0.000294,1.0,-0.0004846,-9.056e-05,1.855e-05,35.1
-1.368,8.6779,0.85,0.9,1.0,0.000245,-0.000245,1.0,-0.00049373,-8.05e-05,0.00011047,35.2
-1.268,8.6779,0.85,0.9,1.0,0.000195,-0.000195,1.0,-0.0005007,-6.846e-05,3.937e-05,35.3
-1.168,8.6779,0.85,0.9,1.0,0.000145,-0.000145,1.0,-0.00050743,-7.263e-05,-5.077e-05,35.4
-1.068,8.6779,0.85,0.9,1.0,9.4e-05,-9.4e-05,1.0,-0.00051523,-7.862e-05,-3.315e-05,35.5
-0.968,8.6779,0.85,0.9,1.0,4.2e-05,-4.2e-05,1.0,-0.00052315,-7.926e-05,-3.76e-06,35.6
-0.868,8.6779,0.85,0.9,1.0,-1.1e-05,1.1e-05,1.0,-0.00053108,-7.937e-05,-1.09e-06,35.7
-0.768,8.6779,0.85,0.9,1.0,-6.4e-05,6.4e-05,1.0,-0.00053902,-7.948e-05,-1.13e-06,35.8
-0.668,8.6779,0.85,0.9,1.0,-0.000119,0.000119,1.0,-0.00054698,-7.959e-05,-7.98e-06,35.9
-0.568,8.6779,0.85,0.9,1.0,-0.000174,0.000174,1.0,-0.00055494,-8.107e-05,-4.41e-05,36.0
-0.468,8.6779,0.85,0.9,1.0,-0.00023,0.00023,1.0,-0.00056319,-8.841e-05,-5.398e-05,36.1
-0.368,8.6779,0.85,0.9,1.0,-0.000286,0.000286,1.0,-0.00057262,-9.187e-05,5.221e-05,36.2
-0.268,8.6778,0.85,0.9,1.0,-0.000344,0.000344,1.0,-0.00058157,-7.797e-05,0.00012054,36.3
-0.168,8.6778,0.85,0.9,1.0,-0.000403,0.000403,1.0,-0.00058822,-6.776e-05,1.626e-05,36.4
-0.068,8.6778,0.85,0.9,1.0,-0.000462,0.000462,1.0,-0.00059512,-7.472e-05,-6.375e-05,36.5
0.032,8.6777,0.85,0.9,1.0,-0.000522,0.000522,1.0,-0.00060316,-8.051e-05,-2.97e-05,36.6
0.132,8.6776,0.85,0.9,1.0,-0.000583,0.000583,1.0,-0.00061122,-8.066e-05,-1.47e-06,36.7
0.232,8.6776,0.85,0.9,1.0,-0.000644,0.000644,1.0,-0.00061929,-8.081e-05,-1.5e-06,36.8
0.332,8.6775,0.85,0.9,1.0,-0.000706,0.000706,1.0,-0.00062738,-8.096e-05,-1.54e-06,36.9
0.432,8.6774,0.85,0.9,1.0,-0.00077,0.00077,1.0,-0.00063549,-8.112e-05,-2.862e-05,37.0
0.532,8.6774,0.85,0.9,1.0,-0.000833,0.000833,1.0,-0.00064361,-8.668e-05,-7.152e-05,37.1
0.632,8.6773,0.85,0.9,1.0,-0.000898,0.000898,1.0,-0.00065282,-9.542e-05,-7.42e-06,37.2
0.732,8.6772,0.85,0.9,1.0,-0.000964,0.000964,1.0,-0.00066269,-8.817e-05,0.00011886,37.3
0.832,8.6771,0.85,0.9,0.999999,-0.001031,0.001031,0.999999,-0.00067046,-7.165e-05,8.63e-05,37.4
0.932,8.677,0.85,0.9,0.999999,-0.001098,0.001098,0.999999,-0.00067702,-7.091e-05,-3.783e-05,37.5
1.032,8.6769,0.85,0.9,0.999999,-0.001166,0.001166,0.999999,-0.00068464,-7.921e-05,-5.717e-05,37.6
1.132,8.6767,0.85,0.9,0.999999,-0.001235,0.001235,0.999999,-0.00069286,-8.234e-05,-1.657e-05,37.7
1.232,8.6766,0.85,0.9,0.999999,-0.001305,0.001305,0.999999,-0.0007011,-8.253e-05,-1.9e-06,37.8
1.332,8.6765,0.85,0.9,0.999999,-0.001375,0.001375,0.999999,-0.00070937,-8.272e-05,-1.94e-06,37.9
1.432,8.6763,0.85,0.9,0.999999,-0.001447,0.001447,0.999999,-0.00071765,-8.291e-05,-2.324e-05,38.0
1.532,8.6762,0.85,0.9,0.999999,-0.001519,0.001519,0.999999,-0.00072595,-8.737e-05,-7.313e-05,38.1
1.632,8.676,0.85,0.9,0.999999,-0.001592,0.001592,0.999999,-0.00073512,-9.754e-05,-3.924e-05,38.2
1.732,8.6759,0.85,0.9,0.999999,-0.001666,0.001666,0.999999,-0.00074546,-9.521e-05,0.0001077,38.3
1.832,8.6757,0.85,0.9,0.999998,-0.001741,0.001741,0.999998,-0.00075416,-7.6e-05,0.00013086,38.4
1.932,8.6755,0.85,0.9,0.999998,-0.001817,0.001817,0.999998,-0.00076066,-6.904e-05,-1.367e-05,38.5
2.032,8.6753,0.85,0.9,0.999998,-0.001893,0.001893,0.999998,-0.00076797,-7.873e-05,-7.69e-05,38.6
2.132,8.6752,0.85,0.9,0.999998,-0.00197,0.00197,0.999998,-0.0007764,-8.442e-05,-2.959e-05,38.7
2.232,8.675,0.85,0.9,0.999998,-0.002048,0.002048,0.999998,-0.00078486,-8.465e-05,-2.3e-06,38.8
2.332,8.6747,0.85,0.9,0.999998,-0.002127,0.002127,0.999998,-0.00079333,-8.488e-05,-2.34e-06,38.9
2.432,8.6745,0.85,0.9,0.999998,-0.002207,0.002207,0.999998,-0.00080183,-8.512e-05,-4.131e-05,39.0
2.532,8.6743,0.85,0.9,0.999997,-0.002288,0.002288,0.999997,-0.00081036,-9.315e-05,-9.977e-05,39.1
2.632,8.6741,0.85,0.9,0.999997,-0.002369,0.002369,0.999997,-0.00082046,-0.00010507,-3.98e-06,39.2
2.732,8.6738,0.85,0.9,0.999997,-0.002452,0.002452,0.999997,-0.00083137,-9.394e-05,0.00016828,39.3
2.832,8.6736,0.85,0.9,0.999997,-0.002535,0.002535,0.999997,-0.00083925,-7.142e-05,0.00011133,39.4
2.932,8.6733,0.85,0.9,0.999997,-0.00262,0.00262,0.999997,-0.00084566,-7.168e-05,7.58e-06,39.5
3.032,8.6731,0.85,0.9,0.999996,-0.002704,0.002704,0.999996,-0.00085359,-6.99e-05,0.00110587,39.6
3.132,8.6728,0.85,0.9,0.999996,-0.00279,0.00279,0.999996,-0.00085964,0.0001495,0.00484064,39.7
3.232,8.6725,0.85,0.9,0.999996,-0.002876,0.002876,0.999996,-0.00082369,0.00089823,0.00897437,39.8
3.332,8.6722,0.85,0.9,0.999996,-0.002955,0.002955,0.999996,-0.00067999,0.00194437,0.0086477,39.9
3.432,8.6719,0.85,0.9,0.999995,-0.003012,0.003012,0.999995,-0.00043481,0.00262777,0.00438321,40.0
3.5319,8.6716,0.85,0.9,0.999995,-0.003042,0.003042,0.999995,-0.00015444,0.00282101,0.00107023,40.1
3.6319,8.6713,0.85,0.9,0.999995,-0.003043,0.003043,0.999995,0.00012939,0.00284181,7.367e-05,40.2
3.7319,8.671,0.85,0.9,0.999995,-0.003016,0.003016,0.999995,0.00041392,0.00283575,-0.00010505,40.3
3.8319,8.6707,0.85,0.9,0.999996,-0.002961,0.002961,0.999996,0.00069654,0.0028208,-9.867e-05,40.4
3.9319,8.6704,0.85,0.9,0.999996,-0.002877,0.002877,0.999996,0.00097808,0.00281601,-2.593e-05,40.5
4.0319,8.6701,0.85,0.9,0.999996,-0.002765,0.002765,0.999996,0.00125974,0.00281562,-1.364e-05,40.6
4.1319,8.6698,0.85,0.9,0.999997,-0.002625,0.002625,0.999997,0.00154121,0.00281329,-2.755e-05,40.7
4.2319,8.6696,0.85,0.9,0.999997,-0.002457,0.002457,0.999997,0.0018224,0.00281011,4.482e-05,40.8
4.3319,8.6694,0.85,0.9,0.999997,-0.00226,0.00226,0.999997,0.00210323,0.00282225,0.00026945,40.9
4.4319,8.6691,0.85,0.9,0.999998,-0.002036,0.002036,0.999998,0.00238685,0.002864,0.00020705,41.0
4.5319,8.6689,0.85,0.9,0.999998,-0.001783,0.001783,0.999998,0.00267603,0.00286366,-0.00042876,41.1
4.6319,8.6688,0.85,0.9,0.999999,-0.001501,0.001501,0.999999,0.00295958,0.00277824,-0.00068986,41.2
4.7319,8.6686,0.85,0.9,0.999999,-0.001191,0.001191,0.999999,0.00323168,0.00272569,-0.00014574,41.3
4.8319,8.6685,0.85,0.9,1.0,-0.000854,0.000854,1.0,0.00350472,0.0027491,0.00018657,41.4
4.9319,8.6685,0.85,0.9,1.0,-0.00049,0.00049,1.0,0.0037815,0.002763,1.957e-05,41.5
5.0319,8.6684,0.85,0.9,1.0,-9.8e-05,9.8e-05,1.0,0.00405732,0.00275301,-0.00010401,41.6
5.1319,8.6685,0.85,0.9,1.0,0.000321,-0.000321,1.0,0.0043321,0.0027422,-0.00011217,41.7
5.2319,8.6685,0.85,0.9,1.0,0.000768,-0.000768,1.0,0.00460576,0.00273058,0.00017799,41.8
5.3319,8.6686,0.85,0.9,0.999999,0.001242,-0.001242,0.999999,0.00487822,0.0027778,0.00055748,41.9
5.4319,8.6688,0.85,0.9,0.999998,0.001744,-0.001744,0.999998,0.00516132,0.00284207,-0.00022999,42.0
5.5319,8.669,0.85,0.9,0.999997,0.002275,-0.002275,0.999997,0.00544663,0.0027318,-0.00134976,42.1
5.6319,8.6692,0.85,0.9,0.999996,0.002833,-0.002833,0.999996,0.00570768,0.00257212,-0.00076098,42.2
5.7319,8.6695,0.85,0.9,0.999994,0.003416,-0.003416,0.999994,0.00596105,0.0025796,0.00028638,42.3
5.8319,8.6699,0.85,0.9,0.999992,0.004025,-0.004025,0.999992,0.0062236,0.0026294,0.00022453,42.4
5.9319,8.6703,0.85,0.9,0.999989,0.004661,-0.004661,0.999989,0.00648693,0.00262451,-0.00011444,42.5
6.0319,8.6708,0.85,0.9,0.999986,0.005323,-0.005323,0.999986,0.0067485,0.00260651,-0.00018378,42.6
6.1319,8.6714,0.85,0.9,0.999982,0.006011,-0.006011,0.999982,0.00700823,0.00258776,-0.0001912,42.7
6.2319,8.672,0.85,0.9,0.999977,0.006724,-0.006724,0.999977,0.00726605,0.00256827,-0.00019852,42.8
6.3319,8.6727,0.85,0.9,0.999972,0.007464,-0.007464,0.999972,0.00752189,0.00254805,-5.172e-05,42.9
6.4319,8.6735,0.85,0.9,0.999966,0.008229,-0.008229,0.999966,0.00777566,0.00255792,0.00036258,43.0
6.5319,8.6744,0.85,0.9,0.999959,0.009019,-0.009019,0.999959,0.00803347,0.00262057,0.0001682,43.1
6.6319,8.6753,0.85,0.9,0.999952,0.009835,-0.009835,0.999952,0.00829978,0.00259156,-0.00109038,43.2
6.7319,8.6764,0.85,0.9,0.999943,0.010679,-0.010679,0.999943,0.00855178,0.00240249,-0.00145086,43.3
6.8319,8.6775,0.85,0.9,0.999933,0.011546,-0.011546,0.999933,0.00878028,0.00230139,-0.00022695,43.4
6.9319,8.6787,0.85,0.9,0.999923,0.012435,-0.012435,0.999923,0.00901206,0.0023571,-0.00082372,43.5
7.0319,8.68,0.85,0.9,0.999911,0.013348,-0.013348,0.999911,0.0092517,0.00213665,-0.02433841,43.6
7.1319,8.6813,0.85,0.9,0.999898,0.014285,-0.014285,0.999898,0.00943939,-0.00251058,-0.10350307,43.7
7.2319,8.6828,0.85,0.9,0.999884,0.015236,-0.015236,0.999884,0.00874958,-0.01856397,-0.19537194,43.8
7.3319,8.6844,0.85,0.9,0.999871,0.016035,-0.016035,0.999871,0.0057266,-0.04158497,-0.1919903,43.9
7.4319,8.686,0.85,0.9,0.999866,0.016381,-0.016381,0.999866,0.00043259,-0.05696203,-0.09839806,44.0
7.5318,8.6877,0.85,0.9,0.99987,0.016121,-0.016121,0.99987,-0.00566581,-0.06126458,-0.02410696,44.1
7.6318,8.6892,0.85,0.9,0.999884,0.015248,-0.015248,0.999884,-0.01182033,-0.06178342,-0.00571811,44.2
7.7318,8.6907,0.85,0.9,0.999905,0.013757,-0.013757,0.999905,-0.01802249,-0.0624082,-0.00774261,44.3
7.8318,8.692,0.85,0.9,0.999932,0.011644,-0.011644,0.999932,-0.02430197,-0.06333194,-0.01075846,44.4
7.9318,8.693,0.85,0.9,0.99996,0.008897,-0.008897,0.99996,-0.03068888,-0.06455989,-0.01762609,44.5
8.0318,8.6938,0.85,0.9,0.999985,0.005506,-0.005506,0.999985,-0.03721395,-0.06685716,-0.02599216,44.6
8.1318,8.6941,0.85,0.9,0.999999,0.001455,-0.001455,0.999999,-0.04406031,-0.06975832,-0.02096825,44.7
8.2318,8.6941,0.85,0.9,0.999995,-0.003306,0.003306,0.999995,-0.05116561,-0.07105081,-0.01235358,44.8
8.3318,8.6935,0.85,0.9,0.999961,-0.008778,0.008778,0.999961,-0.05827047,-0.07222904,-0.02221407,44.9
8.4318,8.6923,0.85,0.9,0.999888,-0.01496,0.01496,0.999888,-0.06561142,-0.07549363,-0.0355158,45.0
8.5318,8.6905,0.85,0.9,0.99976,-0.021899,0.021899,0.99976,-0.0733692,-0.0793322,-0.04051926,45.1
8.6317,8.6879,0.85,0.9,0.999561,-0.02963,0.02963,0.999561,-0.08147786,-0.08359748,-0.05815944,45.2
8.7317,8.6846,0.85,0.9,0.999271,-0.038187,0.038187,0.999271,-0.09008869,-0.09096409,-0.07146127,45.3
8.8316,8.6803,0.85,0.9,0.998865,-0.047634,0.047634,0.998865,-0.09967068,-0.09788973,-0.03559249,45.4
8.9315,8.675,0.85,1.937,0.998311,-0.058098,0.058098,0.998311,-0.10966664,-0.09808259,-0.17466355,45.5
9.0312,8.6687,0.85,9.8,0.99758,-0.069529,0.069529,0.99758,-0.1192872,-0.13282244,-2.41412813,45.6
9.131,8.6611,0.85,9.8,0.996641,-0.081896,0.081896,0.996641,-0.13623113,-0.58090821,-9.60477983,45.7
9.2306,8.6523,0.85,9.8,0.995315,-0.09668,0.09668,0.995315,-0.23546884,-2.05377841,-20.26833411,45.8
9.33,8.6418,0.85,9.8,0.991679,-0.128739,0.128739,0.991679,-0.54698681,-4.63457503,-29.26766719,45.9
9.4288,8.6266,0.85,9.8,0.978779,-0.204917,0.204917,0.978779,-1.16238384,-7.90731185,-26.04339935,46.0
9.5254,8.6009,0.85,9.8,0.93501,-0.354621,0.354621,0.93501,-2.12844918,-9.8432549,12.76529131,46.1
9.6144,8.5562,0.967,1.433,0.804849,-0.59348,0.59348,0.804849,-3.13103483,-5.35425358,72.16299055,46.2
9.6832,8.4845,0.89,6.241,0.553585,-0.832793,0.832793,0.553585,-3.1992999,4.58934321,75.9313324,46.3
9.7229,8.3931,0.85,24.25,0.297683,-0.954665,0.954665,0.297683,-2.21316618,9.8320129,16.18649103,46.4
9.7423,8.2951,0.85,24.25,0.139769,-0.990184,0.990184,0.139769,-1.23289732,7.82664141,-26.3658469,46.5
9.7507,8.1955,0.85,24.25,0.05459,-0.998509,0.998509,0.05459,-0.6478379,4.55884352,-26.88661225,46.6
9.7532,8.0955,0.85,24.25,0.010521,-0.999945,0.999945,0.010521,-0.32112862,2.44931896,-17.40949572,46.7
9.7529,7.9955,0.85,24.25,-0.009635,-0.999954,0.999954,-0.009635,-0.15797411,1.07694437,-10.54466457,46.8
9.7513,7.8955,0.85,24.25,-0.021075,-0.999778,0.999778,-0.021075,-0.10573974,0.34038605,-4.61554249,46.9
9.7486,7.7955,0.85,17.697,-0.030778,-0.999526,0.999526,-0.030778,-0.0898969,0.15383587,-0.92878919,47.0
9.7451,7.6956,0.85,0.8,-0.039046,-0.999237,0.999237,-0.039046,-0.07497257,0.15462821,0.05326649,47.1
9.7408,7.5957,0.85,0.8,-0.045762,-0.998952,0.998952,-0.045762,-0.05897126,0.16448917,0.08977476,47.2
9.736,7.4958,0.85,0.8,-0.050828,-0.998707,0.998707,-0.050828,-0.04207473,0.17258316,0.07354504,47.3
9.7307,7.396,0.85,0.8,-0.054166,-0.998532,0.998532,-0.054166,-0.02445463,0.17919818,0.05410075,47.4
9.7251,7.2961,0.85,0.8,-0.055712,-0.998447,0.998447,-0.055712,-0.0062351,0.18340331,-0.0315644,47.5
9.7195,7.1963,0.85,0.8,-0.055411,-0.998464,0.998464,-0.055411,0.01222604,0.1728853,-0.28755598,47.6
9.714,7.0964,0.85,0.8,-0.05327,-0.99858,0.99858,-0.05327,0.02834196,0.12589212,-0.59926894,47.7
9.7089,6.9966,0.85,1.1,-0.049751,-0.998762,0.998762,-0.049751,0.03740446,0.05303151,-0.6261478,47.8
9.7041,6.8967,0.85,1.1,-0.045799,-0.998951,0.998951,-0.045799,0.03894827,0.00066256,-0.33993897,47.9
9.6997,6.7968,0.85,1.1,-0.041969,-0.999119,0.999119,-0.041969,0.03753697,-0.01495628,-0.08038574,48.0
9.6957,6.6968,0.87,0.999,-0.038298,-0.999266,0.999266,-0.038298,0.03595701,-0.01541459,0.00068395,48.1
9.692,6.5969,0.959,0.962,-0.034783,-0.999395,0.999395,-0.034783,0.03445405,-0.01481949,0.00137181,48.2
9.6887,6.497,0.9,1.05,-0.031411,-0.999507,0.999507,-0.031411,0.03299311,-0.01514023,-0.00521919,48.3
9.6858,6.397,0.9,1.05,-0.028188,-0.999603,0.999603,-0.028188,0.03142601,-0.01586333,-0.00247574,48.4
9.6831,6.297,0.9,1.05,-0.025129,-0.999684,0.999684,-0.025129,0.02982045,-0.01563538,0.00445182,48.5
9.6807,6.1971,0.9,1.05,-0.022226,-0.999753,0.999753,-0.022226,0.02829893,-0.01497297,0.00487293,48.6
9.6787,6.0971,0.9,0.8,-0.01947,-0.99981,0.99981,-0.01947,0.02682585,-0.01466079,0.0022366,48.7
9.6768,5.9971,0.9,0.8,-0.016861,-0.999858,0.999858,-0.016861,0.02536677,-0.01452565,0.00130249,48.8
9.6753,5.8971,0.9,0.8,-0.014398,-0.999896,0.999896,-0.014398,0.02392072,-0.01440029,0.0012043,48.9
9.674,5.7971,0.9,0.8,-0.012078,-0.999927,0.999927,-0.012078,0.02248672,-0.01428479,0.00153717,49.0
9.6729,5.6971,0.9,0.8,-0.009901,-0.999951,0.999951,-0.009901,0.02106377,-0.01409286,0.00230882,49.1
9.672,5.5971,0.9,0.8,-0.007865,-0.999969,0.999969,-0.007865,0.01966814,-0.01382302,0.00119258,49.2
9.6713,5.4971,0.9,0.8,-0.005967,-0.999982,0.999982,-0.005967,0.01829916,-0.01385434,-0.00183869,49.3
9.6708,5.3971,0.9,0.8,-0.004206,-0.999991,0.999991,-0.004206,0.01689728,-0.01419076,-0.00179184,49.4
9.6705,5.2971,0.9,0.8,-0.002588,-0.999997,0.999997,-0.002588,0.01546101,-0.01421271,0.00136647,49.5
9.6703,5.1971,0.9,0.8,-0.001113,-0.999999,0.999999,-0.001113,0.01405473,-0.01391747,0.00229874,49.6
9.6702,5.0971,0.9,0.8,0.000223,-1.0,1.0,0.000223,0.01267751,-0.01375296,0.00098882,49.7
9.6703,4.9971,0.9,0.8,0.001422,-0.999999,0.999999,0.001422,0.01130414,-0.0137197,0.00028075,49.8
9.6705,4.8971,0.9,0.8,0.002484,-0.999997,0.999997,0.002484,0.00993357,-0.01369681,0.0001767,49.9
9.6708,4.7971,0.9,0.8,0.003409,-0.999994,0.999994,0.003409,0.00856478,-0.01368436,7.19e-05,50.0
9.6712,4.6972,0.9,0.8,0.004197,-0.999991,0.999991,0.004197,0.0071967,-0.01368243,6.31e-06,50.1
9.6717,4.5972,0.9,0.8,0.004848,-0.999988,0.999988,0.004848,0.00582829,-0.0136831,-0.00010754,50.2
9.6722,4.4972,0.9,0.8,0.005363,-0.999986,0.999986,0.005363,0.00446008,-0.01370394,-0.00055537,50.3
9.6727,4.3972,0.9,0.8,0.00574,-0.999984,0.999984,0.00574,0.0030875,-0.01379418,-0.00099449,50.4
9.6733,4.2972,0.9,0.8,0.00598,-0.999982,0.999982,0.00598,0.00170125,-0.01390284,-0.00069031,50.5
9.6739,4.1972,0.9,0.8,0.00608,-0.999982,0.999982,0.00608,0.00030693,-0.01393224,-0.00014881,50.6
9.6745,4.0972,0.9,0.8,0.006041,-0.999982,0.999982,0.006041,-0.0010852,-0.0139326,-0.00026232,50.7
9.6751,3.9972,0.9,0.8,0.005863,-0.999983,0.999983,0.005863,-0.00247959,-0.0139847,-0.00069777,50.8
9.6757,3.8972,0.9,0.8,0.005546,-0.999985,0.999985,0.005546,-0.00388214,-0.01407216,-0.00093225,50.9
9.6762,3.7972,0.9,0.8,0.005087,-0.999987,0.999987,0.005087,-0.00529402,-0.01417115,-0.00123419,51.0
9.6767,3.6972,0.9,0.8,0.004487,-0.99999,0.99999,0.004487,-0.00671637,-0.01431899,-0.00240476,51.1
9.6771,3.5972,0.9,0.8,0.003744,-0.999993,0.999993,0.003744,-0.00815782,-0.0146521,-0.00310674,51.2
9.6775,3.4972,0.9,0.8,0.002855,-0.999996,0.999996,0.002855,-0.00964679,-0.01494034,-0.00063181,51.3
9.6777,3.3972,0.9,0.8,0.001814,-0.999998,0.999998,0.001814,-0.01114588,-0.01477847,0.00151067,51.4
9.6778,3.2972,0.9,0.8,0.000626,-1.0,1.0,0.000626,-0.01260249,-0.01463821,0.00378712,51.5
9.6778,3.1972,0.9,0.8,-0.000706,-1.0,1.0,-0.000706,-0.01407353,-0.01402104,0.04477418,51.6
9.6777,3.0972,0.9,0.8,-0.002189,-0.999998,0.999998,-0.002189,-0.0154067,-0.00568337,0.15771355,51.7
9.6774,2.9972,0.9,0.8,-0.003787,-0.999993,0.999993,-0.003787,-0.0152102,0.01752167,0.2530424,51.8
9.6769,2.8972,0.9,0.8,-0.005231,-0.999986,0.999986,-0.005231,-0.01190236,0.04492511,0.21263801,51.9
9.6763,2.7972,0.9,0.8,-0.006168,-0.999981,0.999981,-0.006168,-0.00622518,0.06004927,0.09212475,52.0
9.6757,2.6972,0.9,0.8,-0.006476,-0.999979,0.999979,-0.006476,0.00010749,0.06335006,0.0147508,52.1
9.6751,2.5972,0.9,0.8,-0.006146,-0.999981,0.999981,-0.006146,0.00644483,0.06299943,-0.00560854,52.2
9.6745,2.4972,0.9,0.8,-0.005187,-0.999987,0.999987,-0.005187,0.01270738,0.06222835,-0.00817677,52.3
9.674,2.3972,0.9,0.8,-0.003605,-0.999993,0.999993,-0.003605,0.0188905,0.06136408,-0.00841764,52.4
9.6738,2.2972,0.9,0.8,-0.001409,-0.999999,0.999999,-0.001409,0.02498019,0.06054483,-0.00749181,52.5
9.6737,2.1972,0.9,0.8,0.001391,-0.999999,0.999999,0.001391,0.03099947,0.05986571,-0.01207034,52.6
9.674,2.0972,0.9,0.8,0.004791,-0.999989,0.999989,0.004791,0.03695334,0.05813076,-0.02545714,52.7
9.6747,1.9972,0.947,0.8,0.008782,-0.999961,0.999961,0.008782,0.04262562,0.05477429,-0.03192319,52.8
9.6758,1.8972,0.95,0.8,0.013316,-0.999911,0.999911,0.013316,0.04790819,0.05174612,-0.02546211,52.9
9.6774,1.7972,0.95,0.8,0.018362,-0.999831,0.999831,0.018362,0.05297484,0.04968186,-0.02244219,53.0
9.6795,1.6972,0.95,0.8,0.023909,-0.999714,0.999714,0.023909,0.05784457,0.04725768,-0.02699531,53.1
9.6821,1.5973,0.95,0.8,0.029928,-0.999552,0.999552,0.029928,0.06242638,0.0442828,-0.03064211,53.2
9.6854,1.4973,0.95,0.8,0.036389,-0.999338,0.999338,0.036389,0.06670113,0.04112926,-0.03229565,53.3
9.6894,1.3974,0.95,0.8,0.043259,-0.999064,0.999064,0.043259,0.07065223,0.03782367,-0.03367653,53.4
9.6941,1.2975,0.951,0.801,0.050506,-0.998724,0.998724,0.050506,0.07426586,0.03439395,-0.05192751,53.5
9.6995,1.1976,0.998,0.899,0.058093,-0.998311,0.998311,0.058093,0.07753102,0.02743817,-0.38854455,53.6
9.7057,1.0978,0.9,0.85,0.065985,-0.997821,0.997821,0.065985,0.07975349,-0.04331496,-1.56293954,53.7
9.7127,0.9981,0.9,0.85,0.074009,-0.997258,0.997258,0.074009,0.06886803,-0.28514974,-3.01908347,53.8
9.7205,0.8984,0.9,0.85,0.079722,-0.996817,0.996817,0.079722,0.02272355,-0.64713165,-3.28305282,53.9
9.7287,0.7987,0.9,0.85,0.07854,-0.996911,0.996911,0.07854,-0.0605583,-0.9417603,-2.57027195,54.0
9.7362,0.699,0.9,2.539,0.067643,-0.99771,0.99771,0.067643,-0.16562851,-1.16118604,-2.6293659,54.1
9.7422,0.5992,0.9,24.25,0.045478,-0.998965,0.998965,0.045478,-0.29279551,-1.46763348,-4.38590799,54.2
9.7453,0.4992,0.9,24.25,0.009128,-0.999958,0.999958,0.009128,-0.45915521,-2.03836764,-8.08578546,54.3
9.744,0.3993,0.9,24.25,-0.046343,-0.998926,0.998926,-0.046343,-0.70046904,-3.08479057,-13.65008471,54.4
9.7361,0.2996,0.9,24.25,-0.130678,-0.991425,0.991425,-0.130678,-1.07611333,-4.76838458,-16.70140951,54.5
9.7179,0.2014,0.9,24.25,-0.258922,-0.965898,0.965898,-0.258922,-1.65414595,-6.42507248,-3.1801063,54.6
9.6845,0.1073,0.9,24.25,-0.446591,-0.894738,0.894738,-0.446591,-2.36112782,-5.40440584,31.49033878,54.7
9.6295,0.0242,0.9,24.25,-0.669897,-0.742454,0.742454,-0.669897,-2.73502712,-0.12700472,52.5516336,54.8
9.5525,-0.039,1.017,1.7,-0.844716,-0.535215,0.535215,-0.844716,-2.38652876,5.10592088,31.64163238,54.9
9.4623,-0.0817,1.0,9.65,-0.936127,-0.351662,0.351662,-0.936127,-1.71384294,6.20132175,-1.61408557,55.0
9.3662,-0.109,1.0,9.65,-0.975683,-0.219188,0.219188,-0.975683,-1.14626441,4.78310377,-14.86876651,55.1
9.2676,-0.1255,1.0,9.65,-0.991594,-0.12939,0.12939,-0.991594,-0.75722219,3.22756845,-12.98005251,55.2
9.168,-0.1349,1.0,9.65,-0.997591,-0.069371,0.069371,-0.997591,-0.50075072,2.18709326,-8.15346547,55.3
9.0681,-0.1393,1.0,9.65,-0.999563,-0.029574,0.029574,-0.999563,-0.31980354,1.59687536,-4.89171811,55.4
8.9681,-0.1408,1.0,9.65,-0.999985,-0.005456,0.005456,-0.999985,-0.18137565,1.20874964,-3.87307047,55.5
8.8681,-0.1404,1.0,9.65,-0.999978,0.0067,-0.0067,-0.999978,-0.07805361,0.82226126,-4.03767738,55.6
8.7681,-0.1394,0.987,5.603,-0.999948,0.010155,-0.010155,-0.999948,-0.0169234,0.40121417,-3.59715671,55.7
8.6681,-0.1384,0.9,0.85,-0.999949,0.010084,-0.010084,-0.999949,0.00218922,0.10282992,-1.97105806,55.8
8.5682,-0.1374,0.9,0.85,-0.999953,0.009717,-0.009717,-0.999953,0.00364259,0.00700255,-0.51679983,55.9
8.4682,-0.1365,0.9,0.85,-0.999956,0.009356,-0.009356,-0.999956,0.00358973,-0.00053004,-0.0376782,56.0
8.3682,-0.1355,0.9,0.85,-0.999959,0.008999,-0.008999,-0.999959,0.00353658,-0.00053309,-3.025e-05,56.1
8.2682,-0.1347,0.9,0.85,-0.999963,0.008648,-0.008648,-0.999963,0.00348312,-0.00053609,-2.987e-05,56.2
8.1682,-0.1338,0.9,0.85,-0.999966,0.008303,-0.008303,-0.999966,0.00342936,-0.00053906,-2.948e-05,56.3
8.0682,-0.133,0.9,0.85,-0.999968,0.007963,-0.007963,-0.999968,0.00337531,-0.00054199,4.633e-05,56.4
7.9682,-0.1322,0.9,0.85,-0.999971,0.007628,-0.007628,-0.999971,0.00332096,-0.00052979,0.000177,56.5
7.8682,-0.1315,0.9,0.85,-0.999973,0.007298,-0.007298,-0.999973,0.00326935,-0.00050659,4.16e-06,56.6
7.7682,-0.1308,0.9,0.85,-0.999976,0.006974,-0.006974,-0.999976,0.00321964,-0.00052896,-0.00039008,56.7
7.6682,-0.1301,0.9,0.85,-0.999978,0.006654,-0.006654,-0.999978,0.00316355,-0.00058461,-0.00032683,56.8
7.5682,-0.1294,0.9,0.85,-0.99998,0.006341,-0.006341,-0.99998,0.00310272,-0.00059433,7.113e-05,56.9
7.4682,-0.1288,0.9,0.85,-0.999982,0.006034,-0.006034,-0.999982,0.00304469,-0.00057038,0.00016295,57.0
7.3682,-0.1282,0.9,0.85,-0.999984,0.005732,-0.005732,-0.999984,0.00298865,-0.00056174,3.021e-05,57.1
7.2682,-0.1277,0.9,0.85,-0.999985,0.005436,-0.005436,-0.999985,0.00293234,-0.00056434,-2.577e-05,57.2
7.1682,-0.1271,0.9,0.85,-0.999987,0.005146,-0.005146,-0.999987,0.00287578,-0.00056689,-2.534e-05,57.3
7.0682,-0.1266,0.9,0.85,-0.999988,0.004861,-0.004861,-0.999988,0.00281896,-0.0005694,-2.491e-05,57.4
6.9682,-0.1262,0.9,0.85,-0.999989,0.004582,-0.004582,-0.999989,0.0027619,-0.00057187,-2.447e-05,57.5
6.8682,-0.1257,0.9,0.85,-0.999991,0.004309,-0.004309,-0.999991,0.00270459,-0.0005743,-2.403e-05,57.6
6.7682,-0.1253,0.9,0.85,-0.999992,0.004041,-0.004041,-0.999992,0.00264704,-0.00057668,-2.359e-05,57.7
6.6682,-0.1249,0.9,0.85,-0.999993,0.003779,-0.003779,-0.999993,0.00258925,-0.00057902,6.543e-05,57.8
6.5682,-0.1246,0.9,0.85,-0.999994,0.003523,-0.003523,-0.999994,0.00253124,-0.00056359,0.00018874,57.9
6.4682,-0.1242,0.9,0.85,-0.999995,0.003273,-0.003273,-0.999995,0.00247653,-0.00054127,-4.696e-05,58.0
6.3682,-0.1239,0.9,0.85,-0.999995,0.003028,-0.003028,-0.999995,0.00242298,-0.00057298,-0.00042472,58.1
6.2682,-0.1236,0.9,0.85,-0.999996,0.002788,-0.002788,-0.999996,0.00236194,-0.00062621,-0.00025722,58.2
6.1682,-0.1233,0.9,0.85,-0.999997,0.002556,-0.002556,-0.999997,0.00229774,-0.00062443,0.00013039,58.3
6.0682,-0.1231,0.9,0.85,-0.999997,0.002329,-0.002329,-0.999997,0.00223705,-0.00060013,0.00015027,58.4
5.9682,-0.1229,0.9,0.85,-0.999998,0.002108,-0.002108,-0.999998,0.00217771,-0.00059437,1.899e-05,58.5
5.8682,-0.1227,0.9,0.85,-0.999998,0.001893,-0.001893,-0.999998,0.00211818,-0.00059633,-1.937e-05,58.6
5.7682,-0.1225,0.9,0.85,-0.999999,0.001685,-0.001685,-0.999999,0.00205845,-0.00059825,-1.889e-05,58.7
5.6682,-0.1223,0.9,0.85,-0.999999,0.001482,-0.001482,-0.999999,0.00199853,-0.00060011,-1.841e-05,58.8
5.5682,-0.1222,0.9,0.85,-0.999999,0.001285,-0.001285,-0.999999,0.00193842,-0.00060193,1.085e-05,58.9
5.4682,-0.1221,0.9,0.85,-0.999999,0.001094,-0.001094,-0.999999,0.00187814,-0.00059794,0.00011082,59.0
5.3682,-0.122,0.9,0.85,-1.0,0.000909,-0.000909,-1.0,0.00181884,-0.00057976,8.92e-05,59.1
5.2682,-0.1219,0.9,0.85,-1.0,0.00073,-0.00073,-1.0,0.00176219,-0.0005801,-0.00022189,59.2
5.1682,-0.1218,0.9,0.85,-1.0,0.000557,-0.000557,-1.0,0.00170282,-0.00062414,-0.0003411,59.3
5.0682,-0.1218,0.9,0.85,-1.0,0.00039,-0.00039,-1.0,0.00163736,-0.00064832,-1.642e-05,59.4
4.9682,-0.1218,0.9,0.85,-1.0,0.000229,-0.000229,-1.0,0.00157315,-0.00062743,0.00017423,59.5
4.8682,-0.1217,0.9,0.85,-1.0,7.5e-05,-7.5e-05,-1.0,0.00151188,-0.00061348,6.268e-05,59.6
4.7682,-0.1217,0.9,0.85,-1.0,-7.3e-05,7.3e-05,-1.0,0.00145046,-0.00061489,-1.387e-05,59.7
4.6682,-0.1218,0.9,0.85,-1.0,-0.000215,0.000215,-1.0,0.0013889,-0.00061625,-1.337e-05,59.8
4.5682,-0.1218,0.9,0.85,-1.0,-0.000351,0.000351,-1.0,0.00132721,-0.00061756,-1.204e-05,59.9
4.4682,-0.1218,0.9,0.85,-1.0,-0.000481,0.000481,-1.0,0.00126539,-0.00061866,5.556e-05,60.0
4.3682,-0.1219,0.9,0.85,-1.0,-0.000604,0.000604,-1.0,0.00120347,-0.00060645,0.00011223,60.1
4.2682,-0.1219,0.9,0.85,-1.0,-0.000721,0.000721,-1.0,0.0011441,-0.00059621,-0.00010389,60.2
4.1682,-0.122,0.9,0.85,-1.0,-0.000833,0.000833,-1.0,0.00108423,-0.00062723,-0.00029233,60.3
4.0682,-0.1221,0.9,0.85,-1.0,-0.000938,0.000938,-1.0,0.00101865,-0.00065468,-6.012e-05,60.4
3.9682,-0.1222,0.9,0.85,-0.999999,-0.001036,0.001036,-0.999999,0.0009533,-0.00063925,0.00014623,60.5
3.8682,-0.1223,0.9,0.85,-0.999999,-0.001129,0.001129,-0.999999,0.0008908,-0.00062543,6.467e-05,60.6
3.7682,-0.1224,0.9,0.85,-0.999999,-0.001215,0.001215,-0.999999,0.00082821,-0.00062632,-8.63e-06,60.7
3.6682,-0.1226,0.9,0.85,-0.999999,-0.001294,0.001294,-0.999999,0.00076553,-0.00062716,-8.1e-06,60.8
3.5682,-0.1227,0.9,0.85,-0.999999,-0.001368,0.001368,-0.999999,0.00070278,-0.00062794,3.52e-06,60.9
3.4682,-0.1228,0.9,0.85,-0.999999,-0.001435,0.001435,-0.999999,0.00063995,-0.00062645,2.936e-05,61.0
3.3682,-0.123,0.9,0.85,-0.999999,-0.001496,0.001496,-0.999999,0.00057749,-0.00062207,2.49e-06,61.1
3.2682,-0.1231,0.9,0.85,-0.999999,-0.00155,0.00155,-0.999999,0.00051553,-0.00062596,-8.963e-05,61.2
3.1682,-0.1233,0.9,0.85,-0.999999,-0.001599,0.001599,-0.999999,0.0004523,-0.00064,-9.026e-05,61.3
3.0682,-0.1235,0.9,0.85,-0.999999,-0.001641,0.001641,-0.999999,0.00038753,-0.00064401,1.95e-05,61.4
2.9682,-0.1236,0.9,0.85,-0.999999,-0.001676,0.001676,-0.999999,0.0003235,-0.0006361,6.006e-05,61.5
2.8682,-0.1238,0.9,0.85,-0.999999,-0.001706,0.001706,-0.999999,0.00026031,-0.000632,1.875e-05,61.6
2.7682,-0.124,0.9,0.85,-0.999998,-0.001728,0.001728,-0.999998,0.0001971,-0.00063235,-3.23e-06,61.7
2.6682,-0.1241,0.9,0.85,-0.999998,-0.001745,0.001745,-0.999998,0.00013385,-0.00063264,-2.72e-06,61.8
2.5682,-0.1243,0.9,0.85,-0.999998,-0.001755,0.001755,-0.999998,7.057e-05,-0.00063289,-1.486e-05,61.9
2.4682,-0.1245,0.9,0.85,-0.999998,-0.001759,0.001759,-0.999998,7.27e-06,-0.00063561,-3.543e-05,62.0
2.3682,-0.1247,0.9,0.85,-0.999998,-0.001757,0.001757,-0.999998,-5.655e-05,-0.00063997,-1.399e-05,62.1
2.2682,-0.1248,0.9,0.85,-0.999998,-0.001748,0.001748,-0.999998,-0.00012073,-0.00063841,3.294e-05,62.2
2.1682,-0.125,0.9,0.85,-0.999998,-0.001733,0.001733,-0.999998,-0.00018424,-0.00063339,2.973e-05,62.3
2.0682,-0.1252,0.9,0.85,-0.999999,-0.001711,0.001711,-0.999999,-0.0002474,-0.00063247,9.7e-07,62.4
1.9682,-0.1254,0.9,0.85,-0.999999,-0.001683,0.001683,-0.999999,-0.00031073,-0.00063319,-2.93e-06,62.5
1.8682,-0.1255,0.9,0.85,-0.999999,-0.001649,0.001649,-0.999999,-0.00037404,-0.00063305,1.7e-06,62.6
1.7682,-0.1257,0.9,0.85,-0.999999,-0.001608,0.001608,-0.999999,-0.00043734,-0.00063286,2.23e-06,62.7
1.6682,-0.1258,0.9,0.85,-0.999999,-0.001561,0.001561,-0.999999,-0.00050061,-0.0006326,-3.461e-05,62.8
1.5682,-0.126,0.9,0.85,-0.999999,-0.001508,0.001508,-0.999999,-0.00056386,-0.00063978,-9.353e-05,62.9
1.4682,-0.1261,0.9,0.85,-0.999999,-0.001449,0.001449,-0.999999,-0.00062857,-0.00065131,-1.128e-05,63.0
1.3682,-0.1263,0.9,0.85,-0.999999,-0.001382,0.001382,-0.999999,-0.00069412,-0.00064203,0.000151,63.1
1.2682,-0.1264,0.9,0.85,-0.999999,-0.00131,0.00131,-0.999999,-0.00075698,-0.00062111,0.00011413,63.2
1.1682,-0.1265,0.9,0.85,-0.999999,-0.001231,0.001231,-0.999999,-0.00081835,-0.00061921,-3.021e-05,63.3
1.0682,-0.1267,0.9,0.85,-0.999999,-0.001146,0.001146,-0.999999,-0.00088082,-0.00062715,0.00663418,63.4
0.9682,-0.1268,0.9,0.85,-0.999999,-0.001055,0.001055,-0.999999,-0.00094378,0.00070763,0.0141466,63.5
0.8682,-0.1269,0.9,0.85,-1.0,-0.000957,0.000957,-1.0,-0.00073929,0.00220217,0.00825927,63.6
0.7682,-0.127,0.9,0.85,-1.0,-0.000907,0.000907,-1.0,-0.00050334,0.00235948,0.00157318,63.7
